Clé;Institution;Titre / contenu utilisé;URL;Type;Fiabilité;Date de consultation;Nb d'observations (onglet Observations);Utilisation (onglets de la base / note)
BCE_FX;Banque centrale européenne;Taux de référence quotidiens (eurofxref-hist), parité fixe 655,957 FCFA/EUR;https://www.ecb.europa.eu/stats/policy_and_exchange_rates/euro_reference_exchange_rates/html/index.en.html;Banque centrale;A;2026-10-01;0;"Change_mensuel, Change_periodes (taux BCE : EUR donc FCFA ; IDR, THB, MYR)"
BF_ANA_2026;Gouvernement du Burkina Faso (via Sika Finance);Prix bord champ de la noix de cajou maintenu à 385 FCFA/kg (2026);https://www.sikafinance.com/marches/burkina-le-prix-bord-champ-de-la-noix-de-cajou-maintenu-a-385-fcfakg-pour-soutenir-la-transformation-locale_60008;Presse (annonce officielle);B;2026-10-01;1;Observations
BF_COT_2526;SOFITEX (Burkina Faso);Campagne 2025-2026 : engrais 17 500 FCFA, kg de coton 325 FCFA;https://www.sofitex.bf/2025/04/10/campagne-cotonniere-2025-2026-les-engrais-a-17-500-f-cfa-les-insecticides-a-5-200-f-cfa-et-le-kg-de-coton-a-325-f-cfa/;Officielle (société cotonnière);A;2026-10-01;1;Observations
BF_COT_PROD;Agence Ecofin;"Burkina Faso : production 2024/2025 (300 000 t ; 865 kg/ha)";https://www.agenceecofin.com/actualites-agro/2002-126013-au-burkina-faso-la-production-cotonniere-2024/2025-s-annonce-plus-faible-que-prevu;Presse;B;2026-10-01;0;Volumes_Rendements
BF_MAN_2026;Gouvernement du Burkina Faso (via leFaso.net);Campagne fruitière 2026 : anacarde 385 FCFA, mangue 95 FCFA le kg;https://lefaso.net/spip.php?article144610;Presse (annonce officielle);B;2026-10-01;1;Observations
BJ_COT_2526;Gouvernement du Bénin (via La Nation);Campagne cotonnière 2025-2026 : prix des insecticides et du coton graine homologués (300 FCFA);https://lanation.bj/actualites/campagne-cotonniere-2025-2026-les-prix-des-insecticides-et-du-coton-graine-homologues;Presse publique (annonce officielle);B;2026-10-01;1;Observations
BJ_COT_2627;Gouvernement du Bénin (via Le Matinal);Campagne 2026-2027 : coton conventionnel 300 FCFA (1er choix), biologique 360 FCFA (CM du 13/05/2026);https://lematinal.bj/campagne-cotonniere-2026-2027-le-prix-de-cession-des-intrants-et-dachat-de-coton-graine-homologue/;Presse (annonce officielle);B;2026-10-01;1;Observations
BM_CACAO_2019;Banque mondiale;Situation économique en Côte d'Ivoire : au pays du cacao (2019) – part producteur ≥60 % CAF, prélèvements ≈22 % CAF;https://documents1.worldbank.org/curated/en/277191561741906355/pdf/Cote-dIvoire-Economic-Update.pdf;Institution internationale;A;2026-10-01;0;Decomposition (règle de partage du CAF, prélèvements ≈22 %, marges privées)
BM_PINK;Banque mondiale;Commodity Price Data (Pink Sheet), CMO-Historical-Data-Monthly.xlsx, mise à jour 3 février 2026;https://www.worldbank.org/en/research/commodity-markets;Institution internationale;A;2026-10-01;49;Observations
BOG_FX;Banque du Ghana;Taux interbancaires moyens mensuels 2026;https://www.bog.gov.gh/economic-data/exchange-rate/;Banque centrale;A;2026-10-01;0;Change_mensuel
BRI_FX;Banque des règlements internationaux;US dollar exchange rates (WS_XRU), moyennes mensuelles;https://data.bis.org/topics/XRU;Institution internationale;A;2026-10-01;0;Change_mensuel, Change_periodes (GHS, UGX, VND, TZS, NGN)
CI_ANA_2016;Gouvernement (via Abidjan.net);Anacarde : le prix du kilogramme fixé à 350 FCFA (2016);https://news.abidjan.net/articles/582020/anacarde-le-prix-du-kilogramme-fixe-a-350-fcfa-par-le-gouvernement-ivoirien;Presse (annonce officielle);B;2026-10-01;1;Observations
CI_ANA_2017;CCA (via allAfrica);Campagne cajou 2017 : mesures arrêtées par le Conseil du coton et de l'anacarde (440 FCFA);https://fr.allafrica.com/stories/201702210313.html;Presse (annonce officielle);B;2026-10-01;1;Observations
CI_ANA_2018;CCA (via Financial Afrik);La campagne de commercialisation des noix de cajou s'annonce sous de bons auspices en 2018 (500 FCFA);https://www.financialafrik.com/2018/02/17/cote-divoire-la-campagne-de-commercialisation-des-noix-de-cajou-sannonce-sous-de-bons-auspices-en-2018;Presse (annonce officielle);B;2026-10-01;1;Observations
CI_ANA_2019;Gouvernement (via Fraternité Matin);Noix de cajou : le prix fixé à 375 FCFA/kg pour la campagne 2019;https://www.fratmat.info/article/87617/62/noix-de-cajou-le-prix-fixe-a-375-f-cfa-kg-pour-la-campagne-2019;Presse (annonce officielle);B;2026-10-01;1;Observations
CI_ANA_2020;Gouvernement (via Fraternité Matin);Anacarde : le prix bord champ fixé à 400 FCFA le kg (2020);https://www.fratmat.info/article/201657/economie/anacarde-le-prix-bord-champ-fixe-a-400-fcfa-le-kg;Presse (annonce officielle);B;2026-10-01;1;Observations
CI_ANA_2023;Gouvernement (via Abidjan.net);Le prix de la noix de cajou fixé à 315 FCFA/kg (2023);https://news.abidjan.net/articles/717534/cote-divoire-le-prix-de-la-noix-de-cajou-fixe-a-315-f-cfa-kg-officiel;Presse (annonce officielle);B;2026-10-01;1;Observations
CI_ANA_2024;MINADERPV (via AIP);Le prix bord champ du kg de l'anacarde fixé à 275 FCFA (campagne 2024);https://www.aip.ci/33996/cote-divoire-aip-le-prix-bord-champ-du-kg-de-lanacarde-fixe-a-275-fcfa-pour-la-campagne-2023-2024/;Agence de presse publique;B;2026-10-01;1;Observations
CI_ANA_2025;MINADERPV (via KOACI);Anacarde : prix bord-champ fixé à 425 FCFA (+54 %), campagne 2025;https://www.koaci.com/article/2025/01/17/cote-divoire/societe/cote-divoire-anacarde-le-prix-bord-champ-du-kg-fixe-a-425-fcfa-soit-une-hausse-de-54-par-rapport-a-la-campagne-precedente_183836.html;Presse (annonce officielle);B;2026-10-01;1;Observations
CI_ANA_2026;MINADERPV (via Agence Ecofin);Baisse de 6 % du prix minimum bord champ de la noix de cajou en 2026 (400 FCFA);https://www.agenceecofin.com/actualites-agro/0902-135589-cote-d-ivoire-baisse-de-6-du-prix-minimum-bord-champ-de-la-noix-de-cajou-en-2026;Presse (annonce officielle);B;2026-10-01;1;Observations
CI_ANA_2122;CCA (via Abidjan.net);Démarrage de la campagne 2022 de commercialisation de la noix de cajou (prix plancher 305 FCFA, inchangé depuis 2021);https://news.abidjan.net/articles/703951/demarrage-ce-vendredi-de-la-campagne-2022-de-la-commercialisation-de-la-noix-de-cajou-communique;Presse (annonce officielle);B;2026-10-01;2;Observations
CI_ANA_BAREME;Gouvernement / CCAK (via Abidjan.net);Prix planchers 2026 : bord champ 400, magasin intérieur 425, magasin usine 454, magasin portuaire 484 FCFA/kg;https://news.abidjan.net/articles/747086/commercialisation-de-lanacarde-le-gouvernement-fixe-les-prix-planchers-pour-la-campagne-2026;Presse (annonce officielle);B;2026-10-01;1;Observations
CI_ANA_DUS;AIP;Le droit unique de sortie de la noix de cajou brute désormais fixé à 5 % (20/11/2024);https://www.aip.ci/127213/cote-divoire-aip-le-droit-unique-de-sortie-de-la-noix-de-cajou-brute-desormais-fixe-a-5/;Agence de presse publique;B;2026-10-01;0;Decomposition (DUS de la noix brute : 5 %)
CI_ANA_EXP;Fraternité Matin (via allAfrica);"Filière cajou : >860 000 t de noix brutes exportées en 2025 ; exportations d'amandes ≈350 Mds FCFA";https://fr.allafrica.com/stories/202601200594.html;Presse;B;2026-10-01;0;Contexte anacarde (exportations 2025), consulté pour l'analyse
CI_ANA_PROD;MINADERPV (via AIP);Production historique de 1 549 221 t de noix de cajou en 2025;https://www.aip.ci/316955/aip-la-cote-divoire-atteint-une-production-historique-de-1-549-221-tonnes-de-noix-de-cajou-au-titre-de-la-campagne-2025/;Agence de presse publique;B;2026-10-01;0;Volumes_Rendements
CI_ANA_PROD26;Cardassilaris (négociant);Récolte RCN Côte d'Ivoire 2026 ≈1,46 Mt;https://www.cardassilaris.com/news/cashew-market-report-may-2026-rcn-quality-vietnam;Secondaire (commerce);C;2026-10-01;0;Observations
CI_ANA_REAL;AIP;Campagne anacarde 2026 : près de 15 Mds FCFA de revenus à Niakara (prix moyen 416 FCFA/kg);https://www.aip.ci/cote-divoire-aip-campagne-anacarde-2026-pres-de-15-milliards-fcfa-de-revenus-engranges-par-les-producteurs-du-departement-de-niakara/;Agence de presse publique;B;2026-10-01;1;Observations
CI_ANA_TRANSFO;Agence Ecofin;Côte d'Ivoire : achat de noix réservé aux transformateurs locaux du 9 février au 16 mars 2026 (Le Patriote);https://lepatriote.ci/filiere-anacarde-lachat-des-noix-de-cajou-exclusivement-reserve-aux-transformateurs-locaux-du-9-fevrier-au-16-mars-2026-au-titre-de-la-campagne-2026;Presse;B;2026-10-01;0;Contexte anacarde (achats réservés aux transformateurs locaux), consulté pour l'analyse
CI_ANN_EXP;Xinhua;Exportations d'ananas : 23 557 t en 2023 (-27 %);https://english.news.cn/africa/20240128/f58bff004ef74e1da7107042c6132b2c/c.html;Presse;B;2026-10-01;0;Note p. 4 (exportations d'ananas 2023)
CI_BAN_EXP;Agence Ecofin;Exportations ivoiriennes de bananes : 271 000 t en 2025 (+7 %);https://www.ecofinagency.com/news-agriculture/0402-52550-african-banana-exports-rise-5-as-ghana-takes-lead;Presse;B;2026-10-01;0;Note p. 4 (exportations de bananes 2025)
CI_CAC_1617I;CCC (via Connectionivoirienne);Prix bord champ du cacao pour la campagne intermédiaire fixé à 700 FCFA;https://connectionivoirienne.net/2017/03/30/cote-divoire-le-prix-bord-champ-du-cacao-pour-la-campagne-intermediaire-fixe-a-700-fcfa-1-euro/;Presse (annonce officielle);B;2026-10-01;1;Observations
CI_CAC_1617P;CCC / Gouvernement (via Connectionivoirienne);Le kilo de cacao à 1 100 FCFA pour la campagne 2016-2017;https://connectionivoirienne.net/2016/09/28/cote-divoire-le-kilo-de-cacao-a-1-100-fcfa-pour-la-campagne-2016-2017;Presse (annonce officielle);B;2026-10-01;1;Observations
CI_CAC_1718;CCC (via Connectionivoirienne);Le prix d'achat au producteur de cacao maintenu à 700 FCFA (campagne intermédiaire 2017-2018);https://connectionivoirienne.net/2018/03/30/le-prix-dachat-au-producteur-de-cacao-en-cote-divoire-maintenu-a-700-francs-cfa;Presse (annonce officielle);B;2026-10-01;2;Observations
CI_CAC_1819I;Gouvernement (via Afrique-sur7);Le gouvernement maintient le prix du cacao à 750 FCFA pour la campagne intermédiaire;https://www.afrique-sur7.fr/420663-prix-cacao-750-campagne-intermediaire;Presse (annonce officielle);B;2026-10-01;1;Observations
CI_CAC_1819P;CCC (via Agence Ecofin);Cocoa farm-gate price set to CFA750 per kilo for 2018/2019 season;https://www.ecofinagency.com/agriculture/0210-39023-cote-d-ivoire-cocoa-farm-gate-price-set-to-cfa750-per-kilo-for-2018/2019-season;Presse (annonce officielle);B;2026-10-01;1;Observations
CI_CAC_1920I;CCC (via Connectionivoirienne);Le prix bord champ du cacao maintenu à 825 FCFA/kg pour la petite traite (le prix de marché aurait été de 625 FCFA);https://connectionivoirienne.net/2020/04/01/le-prix-bord-champ-du-cacao-maintenu-a-825-fcfa-kg-pour-la-petite-traite-en-cote-divoire/;Presse (annonce officielle);B;2026-10-01;1;Observations
CI_CAC_1920P;CCC (via Connectionivoirienne);Le prix du kg de cacao fixé à 825 FCFA pour la campagne 2019-2020;https://connectionivoirienne.net/2019/10/01/le-prix-du-kg-de-cacao-fixe-a-825-fcfa-en-cote-divoire-pour-la-campagne-2019-2020/;Presse (annonce officielle);B;2026-10-01;1;Observations
CI_CAC_2021I;CCC (via KOACI);Cacao : le Conseil fixe le kg de la fève à 750 FCFA pour la campagne intermédiaire;https://www.koaci.com/index.php/article/2021/03/31/cote-divoire/politique/cote-divoire-cacao-le-conseil-fixe-le-kg-de-la-feve-a-750-fcfa-pour-la-campagne-intermediaire_149966.html;Presse (annonce officielle);B;2026-10-01;1;Observations
CI_CAC_2021P;CCC (via BusinessWorld/Reuters);Ivory Coast raises 2020/21 cocoa farmgate price by 21% (1 000 FCFA/kg);https://www.pressreader.com/philippines/business-world/20201005/281676847366265;Presse (annonce officielle);B;2026-10-01;1;Observations
CI_CAC_2122I;CCC (via Abidjan.net);Le prix du kg de cacao pour la campagne intermédiaire maintenu à 825 FCFA;https://news.abidjan.net/articles/706140/cote-divoire-le-prix-du-kg-de-cacao-pour-la-campagne-intermediaire-maintenu-a-825-fcfa;Presse (annonce officielle);B;2026-10-01;1;Observations
CI_CAC_2122P;CCC (via Connectionivoirienne);Le prix bord-champ du café fixé à 700 FCFA/kg, le cacao à 825 FCFA;https://connectionivoirienne.net/2021/10/01/le-prix-bord-champ-du-cafe-fixe-a-700-fcfa-kg/;Presse (annonce officielle);B;2026-10-01;2;Observations
CI_CAC_2223I;CCC (via ConfectioneryNews);Mid-crop 2022/23 farmgate price unchanged at 900 XOF/kg;https://www.confectionerynews.com/Article/2023/05/03/cocoa-futures-up-6-as-farmgate-prices-stall-due-to-sluggish-exports-in-cote-d-ivoire/;Presse (annonce officielle);B;2026-10-01;1;Observations
CI_CAC_2223P;CCC (via Further Africa/Reuters);Ivory Coast raises cocoa farmgate price by 9% for 2022/2023 (900 FCFA/kg);https://furtherafrica.com/2022/10/03/ivory-coast-raises-cocoa-farmgate-price-by-9-for-2022-2023-harvest/;Presse (annonce officielle);B;2026-10-01;1;Observations
CI_CAC_2324I;CCC (via FoodBev/Reuters);Ivory Coast raises cocoa farmgate price by 50% (1 500 FCFA/kg, avril 2024);https://www.foodbev.com/news/ivory-coast-raises-cocoa-farmgate-price-by-50/;Presse (annonce officielle);B;2026-10-01;1;Observations
CI_CAC_2324P;CCC (via Sika Finance);Des prix d'achat de 1 000 FCFA/kg pour le cacao et 900 FCFA/kg pour le café;https://www.sikafinance.com/marches/cote-divoire-des-prix-dachat-de-1-000-fcfakg-pour-le-cacao-et-900-fcfakg-pour-le-cafe_42852;Presse (annonce officielle);B;2026-10-01;1;Observations
CI_CAC_2425I;CCC (via allAfrica/Fraternité Matin);Le prix d'achat aux planteurs fixé à 2 200 FCFA, un nouveau record;https://fr.allafrica.com/stories/202504030258.html;Presse (annonce officielle);B;2026-10-01;1;Observations
CI_CAC_2425P;CCC (via Agence Ecofin);Côte d'Ivoire : 1 800 FCFA le kg de cacao pour la campagne principale 2024/2025;https://www.agenceecofin.com/cacao/0110-122025-cote-d-ivoire-1800-fcfa-le-kg-de-cacao-pour-la-campagne-principale-2024/2025;Presse (annonce officielle);B;2026-10-01;1;Observations
CI_CAC_2526I;MINADERPV / CCC (via KOACI);Cacao : prix bord champ fixé à 1 200 FCFA/kg pour la campagne intermédiaire 2025-2026;https://www.koaci.com/article/2026/03/04/cote-divoire/societe/cote-divoire-cacao-le-prix-bord-champ-fixe-a-1-200-fcfakg-pour-la-campagne-intermediaire-2025-2026_194830.html;Presse (annonce officielle);B;2026-10-01;1;Observations
CI_CAC_2526P;Présidence / CCC (via AIP);Campagne 2025-2026 : prix bord champ du cacao 2 800 FCFA/kg et café 1 700 FCFA/kg;https://www.aip.ci/257389/cote-divoire-aip-campagne-2025-2026-le-prix-bord-champ-du-cacao-fixe-a-2-800-fcfa-kg-et-celui-du-cafe-a-1-700-fcfa-kg-alassane-ouattara/;Agence de presse publique;B;2026-10-01;2;Observations
CI_CAC_2627P;Gouvernement de Côte d'Ivoire (portail officiel);Campagne principale 2026-2027 : cacao 1 200 FCFA/kg, café 1 300 FCFA/kg;https://gouv.ci/actualite/campagne-principale-2026-2027-le-prix-bord-champ-du-cacao-est-fixe-a-1200-fcfa-le-kg-le-prix-du-cafe-setablit-a-1300-fcfa-le-kg-8771;Officielle primaire;A;2026-10-01;2;Observations
CI_CAC_PROD;CCC (via CNBC Africa/Reuters);La Côte d'Ivoire anticipe 2,0-2,1 Mt de cacao en 2025/26 (+10,5 %);https://www.cnbcafrica.com/2026/ivory-coast-expects-cocoa-output-to-rise-10-5-in-2025-26-season-regulator-says;Presse;B;2026-10-01;0;Volumes_Rendements
CI_CAC_STOCKS;7info / allAfrica;"123 000 t invendues (janv. 2026), ~200 000 t fin février 2026 ; dispositif d'achat public";https://www.7info.ci/123-000-tonnes-invendues-etat-ivoirien-dispositif-achat-cacao/;Presse;B;2026-10-01;0;Note p. 3 et 5 (123 000 t invendues en 2025/26)
CI_CAC_VENTES;"Reuters (via CNBC Africa) ; Agence Ecofin";"Prix 2026/27 fondé sur >1,1 Mt de ventes anticipées mars-juin 2026 ; règle ≥60 % CAF (≥50 % en baisse)";https://www.cnbcafrica.com/2026/ivory-coast-sets-cocoa-farmgate-price-at-1200-cfa-francs-per-kg-for-2026-27-main-crop-official-says;Presse;B;2026-10-01;0;"Note p. 3 et 4 ; Matrice ; Cacao_transmission (ventes anticipées mars-juin 2026)"
CI_CAF_1718;CCC (via Connectionivoirienne);Le prix du kg de café reste inchangé à 750 FCFA pour la campagne 2017-2018;https://connectionivoirienne.net/2017/12/21/cote-divoire-le-prix-du-kg-de-cafe-reste-inchange-a-750-fcfa-pour-la-campagne-2017-2018/;Presse (annonce officielle);B;2026-10-01;2;Observations
CI_CAF_1819;CCC (via Abidjan.net);Prix du café 2018-2019 : 700 FCFA/kg (baisse de 50 FCFA);https://news.abidjan.net/h/649843.html;Presse (annonce officielle);B;2026-10-01;1;Observations
CI_CAF_1920;CCC (via Connectionivoirienne);"Café 2019-2020 fixé à 700 FCFA ; maintien permis par une subvention de 32 Mds FCFA (prix de marché : 473 FCFA)";https://connectionivoirienne.net/2019/12/26/le-prix-du-kg-de-cafe-fixe-a-700-fcfa-pour-la-campagne-2019-2020-en-cote-divoire/;Presse (annonce officielle);B;2026-10-01;1;Observations
CI_CAF_2021;CCC (via KOACI);Café : prix bord champ fixé à 550 FCFA/kg (campagne 2020-2021, 28/12/2020);https://www.koaci.com/article/2020/12/23/cote-divoire/economie/cote-divoire-cafe-debut-de-la-campagne-commerciale-le-28-decembre-le-prix-bord-champ-du-kilo-fixe-a-550-fcfa-soit-une-baisse-de-155-fcfa_147642.html;Presse (annonce officielle);B;2026-10-01;1;Observations
CI_CAF_2223;CCC (via Abidjan.net);Campagne 2022-2023 : cacao 900 FCFA, café 750 FCFA;https://news.abidjan.net/articles/712879/campagne-2022-2023-le-prix-bord-champ-du-kilogramme-de-cacao-fixe-a-900-fcfa-et-celui-du-cafe-a-750-fcfa;Presse (annonce officielle);B;2026-10-01;1;Observations
CI_CAF_2324;CCC (via Abidjan.net);Campagne 2023-2024 : cacao 1 000 FCFA, café 900 FCFA;https://news.abidjan.net/articles/724364/campagne-principale-de-commercialisation-2023-2024-cafe-cacao-le-prix-du-kg-de-cacao-fixe-a-1000-fcfa-et-celui-du-cafe-a-900-fcfa;Presse (annonce officielle);B;2026-10-01;1;Observations
CI_CAF_2425;CCC (via Agence Ecofin);Hausse de plus de 66 % du prix bord champ du café en 2024/2025 (1 500 FCFA);https://www.agenceecofin.com/breves-agro/0110-122027-cote-d-ivoire-hausse-de-plus-de-66-du-prix-bord-champ-du-cafe-en-2024/2025;Presse (annonce officielle);B;2026-10-01;1;Observations
CI_CAF_PROD;AIP;Filière café-cacao : production de café 24 832 t d'octobre 2024 à juin 2025 (-69,7 %);https://www.aip.ci/257515/cote-divoire-aip-la-filiere-cafe-cacao-moteur-de-croissance-economique-face-aux-defis-sociaux-et-environnementaux-feature/;Agence de presse publique;B;2026-10-01;0;Volumes_Rendements
CI_CAO_0125;APROMAC (via Yessouan);Prix caoutchouc Côte d'Ivoire : 442 FCFA/kg en janvier 2025;https://www.yessouan.ci/Prix-caoutchouc-Cote-d-Ivoire-442-FCFA-kg-en-janvier-2025_a1537.html;Presse (prix officiel);B;2026-10-01;1;Observations
CI_CAO_0425;APROMAC (via 7info);Caoutchouc naturel : prix du kg pour le mois d'avril (438 FCFA);https://www.7info.ci/caoutchouc-naturel-voici-le-prix-du-kg-pour-le-mois-davril/;Presse (prix officiel);B;2026-10-01;1;Observations
CI_CAO_0926;APROMAC (via Business & Actuality);Prix du caoutchouc : 484 FCFA/kg en septembre 2026;https://businessactuality.com/cote-divoire-prix-du-caoutchouc-484-fcfa-kg-en-septembre-2026/;Presse (prix officiel);B;2026-10-01;1;Observations
CI_CAO_2026;APROMAC (via 7info);Caoutchouc : nouveaux prix du kg (janv. 352, fév. 368, avr. 401, mai 439, juil. 493 FCFA);https://www.7info.ci/caoutchouc-voici-le-nouveau-prix-du-kg/;Presse (prix officiel);B;2026-10-01;5;Observations
CI_CAO_DRC;Business & Actuality;"Le prix du caoutchouc : bras de fer planteurs-usiniers ; DRC officiel 60 % contre 65-68 % mesuré";https://businessactuality.com/le-prix-du-caoutchouc-en-cote-divoire-un-bras-de-fer-entre-planteurs-usiniers-et-regulateurs/;Presse;C;2026-10-01;0;Parametres
CI_CAO_MECA;Agence Ecofin;Ce qui change pour les producteurs de caoutchouc naturel en 2026 : 66 % du prix de référence (63 % auparavant);https://www.agenceecofin.com/actualites-agro/2606-139636-cote-d-ivoire-ce-qui-change-pour-les-producteurs-de-caoutchouc-naturel-en-2026;Presse;B;2026-10-01;0;Decomposition (part producteur caoutchouc : 63 % puis 66 %)
CI_CAO_PROD;Financial Afrik;Numéro trois mondial du caoutchouc (≈1,6 Mt en 2023);https://www.financialafrik.com/2026/01/15/numero-trois-mondial-du-caoutchouc-la-cote-divoire-veut-capter-davantage-de-valeur/;Presse;C;2026-10-01;0;Volumes_Rendements
CI_COT_1718;Gouvernement (via KOACI);Coton graine : 300 FCFA/kg (+35 FCFA par rapport à 265 FCFA en 2017-2018);https://www.koaci.com/index.php/article/2019/05/22/cote-divoire/economie/cote-divoire-le-prix-du-kilogramme-de-coton-graine-pour-la-campagne-2018-2019-fixe-a-300-fcfa-soit-une-hausse-de-35-fcfa_131167.html;Presse (annonce officielle);B;2026-10-01;1;Observations
CI_COT_1819;Gouvernement (via Abidjan.net);Le prix du coton graine de premier choix maintenu à 265 FCFA/kg (2018-2019);https://news.abidjan.net/h/638493.html;Presse (annonce officielle);B;2026-10-01;1;Observations
CI_COT_1920;Gouvernement (via KOACI);Le prix du coton graine reste inchangé pour la campagne 2019-2020 : 300 FCFA/kg;https://www.koaci.com/article/2019/10/29/cote-divoire/economie/cote-divoire-le-prix-du-coton-de-graine-reste-inchange-pour-la-campagne-2019-2020-300-fcfakg_136257.html;Presse (annonce officielle);B;2026-10-01;1;Observations
CI_COT_2122;Gouvernement (via allAfrica);Campagne 2021-2022 du coton : le prix du kilo demeure à 300 F (inchangé depuis 2020-2021);https://fr.allafrica.com/stories/202110080394.html;Presse (annonce officielle);B;2026-10-01;2;Observations
CI_COT_2223;Gouvernement (via Connectionivoirienne);Coton campagne 2022/2023 : le prix du kilogramme fixé à 310 FCFA;https://connectionivoirienne.net/2022/07/14/coton-camapagne-2022-2023-le-prix-du-kilogramme-fixe-a-310-fcfa/;Presse (annonce officielle);B;2026-10-01;1;Observations
CI_COT_2324;Gouvernement (via Abidjan.net);Coton graine 1er choix 310 FCFA, 2e choix 285 FCFA (2023-2024);https://news.abidjan.net/articles/720825/cote-divoire-le-prix-du-coton-graines-1er-choix-fixe-a-310-fcfa-et-a-285-f-cfa-le-kilo-du-2e-choix;Presse (annonce officielle);B;2026-10-01;1;Observations
CI_COT_2526;MINADERPV (via KOACI);Campagne 2025-2026 : coton 1er choix 310 FCFA/kg, 2e choix 285 FCFA/kg (31/07/2025);https://www.koaci.com/article/2025/07/31/cote-divoire/societe/cote-divoire-campagne-2025-2026-le-prix-du-coton-de-1er-choix-est-fixe-a-310-fcfakg-et-celui-de-2e-choix-a-285-fcfakg_189056.html;Presse (annonce officielle);B;2026-10-01;1;Observations
CI_COT_PROD;Agence Ecofin;Croissance modeste de la production cotonnière 2024/2025 : 351 764 t, 984 kg/ha, 357 267 ha;https://www.agenceecofin.com/actualites-agro/1501-124919-cote-d-ivoire-croissance-modeste-de-la-production-cotonniere-en-2024/2025;Presse (données officielles);B;2026-10-01;0;Volumes_Rendements
CI_COT_SUB;Agence Ecofin;La subvention à la filière coton a plus que doublé en 2025/2026 (25,3 Mds FCFA contre 11,9 Mds);https://www.agenceecofin.com/actualites-agro/0108-130586-cote-d-ivoire-la-subvention-a-la-filiere-coton-a-plus-que-double-en-2025/2026;Presse;B;2026-10-01;1;Observations
CI_MAN_2026;Inter-Mangue (via AIP);"Mangue 2026 : prix bord champ maintenu à 2 450 FCFA la caisse ; 220 FCFA/kg en station";https://www.aip.ci/332817/cote-divoire-aip-filiere-mangue-le-prix-bord-champ-maintenu-a-2-450-fcfa-la-caisse-pour-la-campagne-2026/;Agence de presse publique;B;2026-10-01;1;Observations
CI_PAL_0126;Conseil Hévéa-Palmier à huile-Coco (via Afrik Soir);"Prix de janvier 2026 : huile de palme brute 620 000 FCFA/t ; régimes bord champ 80 000 FCFA/t";https://afriksoir.net/cote-divoire-le-conseil-hevea-palmier-a-huile-coco-fixe-les-prix-du-palmier-a-huile-pour-janvier-2026/;Presse (prix officiel);B;2026-10-01;2;Observations
CI_PAL_Q424;CHP-HC (via Abidjan Économie);"Huile de palme brute 600 000 FCFA/t ; régimes bord champ 75 000 FCFA/t (oct.-déc. 2024)";https://www.abidjaneconomie.net/2024/10/19/cote-divoire-nouvelles-tarifications-pour-lhuile-de-palme-brut-et-regimes-de-palme-pour-octobre-a-decembre-2024/;Presse (prix officiel);B;2026-10-01;1;Observations
CM_CAC_0426;ONCC-SIF (via Invest-Time);Cacao au Cameroun : 1 200-1 450 FCFA/kg dans les bassins (mars-avril 2026);https://invest-time.com/2026/05/07/cacao-cameroun-prix-campagne/;Presse (données ONCC);B;2026-10-01;1;Observations
CM_CAC_0526;ONCC-SIF (via Investir au Cameroun);Le prix du kilogramme repasse au-dessus de 1 500 FCFA (1 550-1 650);https://www.investiraucameroun.com/agriculture/0705-23372-cacao-le-prix-du-kilogramme-repasse-au-dessus-de-1-500-fcfa-a-deux-mois-de-la-fin-de-campagne;Presse (données ONCC);B;2026-10-01;1;Observations
CM_CAC_0626;ONCC-SIF (via Investir au Cameroun);Le prix aux producteurs atteint 2 250 FCFA (2 100-2 250 au 30/06/2026);https://www.investiraucameroun.com/agriculture/3006-23552-cacao-le-prix-aux-producteurs-atteint-2250-fcfa-son-plus-haut-niveau-depuis-le-debut-de-la-campagne-2025-2026;Presse (données ONCC);B;2026-10-01;1;Observations
ECOFIN_GAP;Agence Ecofin;Ghana-Côte d'Ivoire cocoa price gap widens sharply for 2026/27 (3,65 vs 2,07 USD/kg);https://www.ecofinagency.com/news-agriculture/2809-59281-ghana-cote-d-ivoire-cocoa-price-gap-widens-sharply-for-2026/27-season;Presse;B;2026-10-01;0;Recoupement de l'écart de prix Ghana / Côte d'Ivoire 2026/27
EC_BAN_2026;MAGP Équateur, Acuerdo Ministerial 107 (via Agraria.pe);Prix minimum de soutien 2026 : 7,50 USD la caisse 22XU de 43 lb;https://agraria.pe/noticias/ecuador-fija-en-us-7-50-el-precio-minimo-de-la-caja-de-banan-40795;Presse (acte officiel);B;2026-10-01;1;Observations
EC_CAC_0126;El Universo;Les producteurs reçoivent 180-190 USD/quintal (janv. 2026);https://www.eluniverso.com/noticias/economia/precio-cacao-ecuador-exportador-productor-nota/;Presse;B;2026-10-01;1;Observations
EC_CAC_0226;Al Día (Équateur);Le cacao revient à 100 USD le quintal (80-85 USD dans les petits cantons), fév. 2026;https://www.aldia.com.ec/el-cacao-regresa-a-niveles-de-2023-100-el-quintal-y-en-cantones-pequenos-llega-a-80/;Presse;B;2026-10-01;1;Observations
FMI_PCPS;FMI;Primary Commodity Prices (via FRED : PCOCOUSDM, PCOFFROBUSDM);https://fred.stlouisfed.org/series/PCOCOUSDM;Institution internationale;A;2026-10-01;6;Observations, Cours_mensuels
GH_ANA_2026;Tree Crops Development Authority (TCDA, Ghana);Government sets GHS 12.00/kg as minimum producer price for RCN (2025/2026) – benchmark FOB 1 400 USD/t, 11,0241 GH¢/USD;https://tcda.gov.gh/government-sets-ghs-12-00-per-kilogram-as-minimum-producer-price-for-raw-cashew-nuts-2025-2026-season/;Officielle primaire;A;2026-10-01;2;Observations
GH_CAC_1620;COCOBOD (via The Cocoa Post);"Producer price of cocoa up 8.42% (GH¢475 → GH¢515/bag ; 7 600 → 8 240 GH¢/t)";https://thecocoapost.com/producer-price-of-cocoa-up-8-42/;Presse (annonce officielle);B;2026-10-01;8;Observations
GH_CAC_2021;COCOBOD;Cocoa producer price goes up 28% from GH¢515 to GH¢660 per bag (10 560 GH¢/t);https://cocobod.gh/news/cocoa-producer-price-goes-up-28-from-gh515-to-gh660-per-bag;Officielle primaire;A;2026-10-01;2;Observations
GH_CAC_2122;Gouvernement du Ghana (via B&FT);Gov't maintains cocoa price at GH¢660 per bag (87,15 % du FOB);https://thebftonline.com/?p=97805;Presse (annonce officielle);B;2026-10-01;2;Observations
GH_CAC_2223;COCOBOD;"Press release – opening of 2022/23 main crop season (GH¢800/bag ; 12 800 GH¢/t)";https://cocobod.gh/news/press-release-opening-of-202223-main-crop-season;Officielle primaire;A;2026-10-01;2;Observations
GH_CAC_2324I;COCOBOD (compte officiel X);Producer price increased by 58.26% from GH¢20 928 to GH¢33 120 per tonne from 5 April 2024;https://x.com/ghcocobod/status/1776312981111873684;Officielle primaire;A;2026-10-01;1;Observations
GH_CAC_2324P;Gouvernement du Ghana (via Graphic Online);Cocoa price up: bag from GH¢800 to GH¢1 308 (20 928 GH¢/t);https://www.graphic.com.gh/news/general-news/govt-increases-cocoa-price-bag-up-from-gh-800-to-gh-1-308-tome-now-gh-20-943-from-gh-12-800.html;Presse (annonce officielle);B;2026-10-01;1;Observations
GH_CAC_2425I;Gouvernement du Ghana (via Graphic Online);Cocoa price shoots to GH¢49 600 a tonne;https://www.graphic.com.gh/news/general-news/ghana-news-cocoa-price-shoots-to-ghc49-600-a-tonne-its-3rd-price-adjustment-in-9-months.html;Presse (annonce officielle);B;2026-10-01;1;Observations
GH_CAC_2425P;COCOBOD;Review of the producer price of cocoa for the 2024/2025 season (48 000 GH¢/t, 11 sept. 2024);https://cocobod.gh/news/review-of-the-producer-price-of-cocoa-for-the-20242025-cocoa-season-wednesday-11th-september-2024;Officielle primaire;A;2026-10-01;1;Observations
GH_CAC_2526;COCOBOD / Citi Newsroom;51 660 GH¢/t (70 % FOB 7 200 USD à 10,25) → 58 000 GH¢/t (11,5 GH¢/USD) → 41 392 GH¢/t au 12/02/2026 (90 % FOB 4 200 USD);https://citinewsroom.com/2026/02/cocoa-producer-price-cut-to-gh%C2%A241392-per-tonne-from-gh%C2%A251660/;Presse (annonce officielle);B;2026-10-01;2;Observations
GH_CAC_2627;COCOBOD (via MyJoyOnline);"Producer price GH¢42 400/t for 2026/27 (71,18 % du FOB brut réalisé ; Act 1182 : minimum 70 %)";https://www.myjoyonline.com/cocobod-increases-cocoa-producer-price-to-gh%C2%A242400-for-2026-27-season/;Presse (annonce officielle);B;2026-10-01;2;Observations
GH_CAC_GAP;CNBC Africa;Will Ghana's domestic market plug COCOBOD's $1.4bn funding gap? (2026);https://www.cnbcafrica.com/media/7790596098459/will-ghanas-domestic-market-plug-cocobods-14bn-funding-gap;Presse;B;2026-10-01;0;Note p. 3 et 5 (déficit de financement du COCOBOD ≈1,4 Md $)
GH_CAC_REFORM;COCOBOD;Press release on cocoa sector reforms for financial viability and long-term sustainability;https://cocobod.gh/news/press-release-on-cocoa-sector-reforms-for-financial-viability-and-long-term-sustainability;Officielle primaire;A;2026-10-01;0;Contexte Ghana (réformes du COCOBOD), consulté pour l'analyse
GW_ANA_2026;Gouvernement de transition de Guinée-Bissau (via Xinhua);Campagne 2026 : 410 FCFA/kg au producteur, 478 FCFA/kg à Bissau;https://english.news.cn/20260311/508ae13acd8c44109ea651276bd01b86/c.html;Presse (annonce officielle);B;2026-10-01;1;Observations
ID_CAO;Disperindag/Gapkindo Sumatra-Sud (via IDN Times);Prix de référence KKK 100 % : 38 835 à 42 238 Rp/kg (août 2026);https://sumsel.idntimes.com/news/sumatra-selatan/harga-karet-sumsel-kembali-menguat-akhir-agustus-tembus-rp41-ribu-00-pbgds-3n14cx;Presse (prix officiel provincial);B;2026-10-01;1;Observations
ID_PAL_0126;Disbun Riau (via HaiSawit / Media Center Riau);Prix TBS (régimes) Riau, palmiers 10-20 ans : 3 496,91 / 3 430,63 / 3 449,84 Rp/kg (janv. 2026);https://haisawit.co.id/news/detail/resmi-naik-cek-daftar-harga-sawit-riau-periode-1420-januari-2026;Officielle provinciale (via presse);B;2026-10-01;1;Observations
INT_ANA_CI;Cardassilaris (négociant);Cashew market report May 2026 : RCN Côte d'Ivoire 1 560 USD/t (avr.-mai 2026);https://www.cardassilaris.com/news/cashew-market-report-may-2026-rcn-quality-vietnam;Secondaire (commerce);C;2026-10-01;1;Observations
INT_ANA_VN;Douanes vietnamiennes (via Viet Nam News);Raw cashew nut imports Jan-Apr 2026 : ~1,3 Mt pour ~2,2 Mds USD (≈1 704 USD/t);https://vietnamnews.vn/economy/945883/raw-cashew-nut-imports-rocket-in-first-four-months.html;Presse (données douanières);B;2026-10-01;1;Observations
ML_ANA_2025;Gouvernement du Mali (via Agence Ecofin);"Mali : la filière anacarde face au défi du respect du prix plancher (390 FCFA ; achats à 350-375)";https://www.agenceecofin.com/actualites/0104-127164-mali-la-filiere-anacarde-face-au-defi-du-respect-du-prix-plancher;Presse (annonce officielle);B;2026-10-01;1;Observations
ML_COT_2526;Gouvernement du Mali (via Mali 24);Prix du kilo du coton graine maintenu à 300 FCFA;https://mali24.info/mali-433-700-tonnes-de-coton-produites-le-prix-du-kilo-du-coton-graine-maintenu-a-300-f-cfa/;Presse (annonce officielle);B;2026-10-01;1;Observations
MY_PAL_2025;Malaysian Palm Oil Board (MPOB);"Overview of the Malaysian Oil Palm Industry 2025 : prix des régimes à 1 % OER 47,39 RM ; OER 19,74 %";https://bepi.mpob.gov.my/images/overview/Overview2025.pdf;Officielle primaire;A;2026-10-01;1;Observations
NG_CAC_0926;Mansa Markets;Nigeria farmgate 5 728,5 NGN/kg (≈4 311 USD/t), 25/09/2026;https://www.mansamarkets.com/blog/cocoa-farmgate-price-vs-world-price;Secondaire;C;2026-10-01;1;Observations, Change_mensuel
OCPV;OCPV (Ministère du Commerce);Prix à la consommation des produits vivriers (bulletins hebdomadaires 2025-2026);https://www.ocpv-ci.com/;Officielle primaire (prix consommateur);A;2026-10-01;0;"Note p. 4 ; Matrice (prix à la consommation : stade non comparable)"
OIC_CMR;Organisation internationale du café;Coffee Market Report (février et août 2026);https://www.ico.org/documents/cy2025-26/cmr-0826-e.pdf;Institution internationale;A;2026-10-01;1;Observations, Cours_mensuels
OMC_TPR_2017;OMC;"Examen des politiques commerciales UEMOA – Annexe Côte d'Ivoire (WT/TPR/S/362) : DUS 14,6 % CAF ; prélèvements totaux 23,2 % (2016/17)";https://www.wto.org/french/tratop_f/tpr_f/s362-03_f.pdf;Institution internationale;A;2026-10-01;0;"Decomposition (DUS 14,6 % du CAF ; prélèvements 2016/17)"
RDT_CACAO;"Wessel & Quist-Wessel (2015), NJAS – Cocoa production in West Africa, a review ; KIT (2018)";"Rendements moyens : Côte d'Ivoire ≈500-600 kg/ha ; Ghana ≈400 kg/ha";https://www.sciencedirect.com/science/article/pii/S1573521415000160;Littérature scientifique;A;2026-10-01;0;Volumes_Rendements
REG_COT_2526;Africa Radio;Coton africain : ~300 FCFA au Bénin et au Mali, 310 en Côte d'Ivoire, 325 au Burkina, jusqu'à 350 au Sénégal;https://www.africaradio.com/actualite-115836-coton-africain-pourquoi-les-producteurs-ouest-africains-perdent-ils-du-terrain;Presse;C;2026-10-01;3;Observations
REG_COT_RDT;La Marina (Bénin);Campagne 2024-2025 : rendements Bénin 1 248 kg/ha, Mali 914 kg/ha;https://lamarinabj.com/index.php/2025/02/05/campagne-cotonniere-2024-2025-en-afrique-le-benin-peut-il-reprendre-sa-place-de-leader/;Presse;C;2026-10-01;0;Volumes_Rendements
SGX_0326;SGX;SICOM Rubber Monthly Report – mars 2026;https://api2.sgx.com/sites/default/files/2026-04/SICOM%20SGX%20March%202026%20.pdf;Bourse;A;2026-10-01;1;Observations, Cours_mensuels
TH_CAO;Thai Rubber Association;Prix intérieurs (cup lump 100 %) : 58 THB/kg (2 mai 2025);https://www.thainr.com/en/?detail=pr-local;Association professionnelle;B;2026-10-01;1;Observations
TZ_ANA_2526;The Citizen (données TMX/CBT);Cashew farmers earn Sh1.3tr : 430 961 t vendues pour 1 279 Mds TZS (2025/26);https://www.thecitizen.co.tz/tanzania/business/cashew-farmers-earn-sh1-3tr-as-production-heads-toward-record-5311708;Presse (données officielles d'enchères);B;2026-10-01;1;Observations
UG_CAF_0726;Uganda Coffee Development Authority (UCDA);Monthly report July 2026 : prix bord champ Robusta FAQ moyen 11 500 UGX/kg;https://ugandacoffee.go.ug/sites/default/files/2026-09/10%20July%202026%20Report%20draft(2)(1)(1).pdf;Officielle primaire;A;2026-10-01;1;Observations
USDA_COT;USDA FAS;Côte d'Ivoire Cotton and Products Annual 2026 : fibre MY2024/25 730 000 balles (480 lb);https://www.fas.usda.gov/data/cote-divoire-cotton-and-products-annual-5;Institution publique étrangère;A;2026-10-01;0;Parametres
USDA_PAL;USDA FAS;Côte d'Ivoire Oilseeds and Products Annual 2025 (huile de palme 575 000 t MY2024/25);https://www.fas.usda.gov/data/gain/2026/01/cote-divoire-oilseeds-and-products-report-annual-2025;Institution publique étrangère;A;2026-10-01;0;Contexte palmier (production d'huile), consulté pour l'analyse
USDA_RIZ_CI;USDA FAS;Côte d'Ivoire Grain and Feed Annual 2026 : paddy bord champ 233 FCFA/kg en moyenne 2025 (+8,5 %);https://apps.fas.usda.gov/newgainapi/api/Report/DownloadReportByFileName?fileName=Grain+and+Feed+Annual_Accra_Cote+d%27Ivoire_IV2026-0003;Institution publique étrangère;A;2026-10-01;1;Observations
USDA_RIZ_IMP;USDA FAS;"Côte d'Ivoire Grain and Feed Annual 2026 : production 2026/27 1,75 Mt de riz blanchi ; importations ≈1,75 Mt";https://www.fas.usda.gov/data/gain/2026/04/cote-divoire-grain-and-feed-annual;Institution publique étrangère;A;2026-10-01;0;Note p. 4 (importations de riz ≈1,75 Mt)
USDA_RIZ_SN;USDA FAS;Senegal Grain and Feed Annual 2025 : paddy 130 FCFA/kg + subvention 30 FCFA (prix usinier 160);https://apps.fas.usda.gov/newgainapi/api/Report/DownloadReportByFileName?fileName=Grain+and+Feed+Annual_Dakar_Senegal_SG2025-0008.pdf;Institution publique étrangère;A;2026-10-01;1;Observations
VN_CAF_0926;Vietnam.vn (prix Dak Lak);Prix intérieur du café robusta, Dak Lak : 93 600 VND/kg (28/09/2026);https://www.vietnam.vn/en/gia-nong-san-hom-nay-28-9-2026-gia-ca-phe-trong-nuoc-di-nguoc-the-gioi-hang-vu-moi-sap-bat-dau-my-trung-giam-thue-doi-voi-60-ty-usd-hang-hoa;Presse;B;2026-10-01;1;Observations
VN_RIZ;SGGP News;"Paddy frais du delta du Mékong : IR 50404 5 400-5 500 ; OM 5451 5 600-5 700 VND/kg (2025)";https://en.sggp.org.vn/rice-farmers-in-mekong-delta-struggle-as-prices-plunge-yields-decline-post120063.html;Presse;B;2026-10-01;1;Observations
