Date,Rate,Currency,Frequency,Source,Country code,Country
2013-01-31,3995.0,KHR,M,IMF,KH,Cambodia
2013-02-28,3995.0,KHR,M,IMF,KH,Cambodia
2013-03-31,3995.0,KHR,M,IMF,KH,Cambodia
2013-04-30,4020.0,KHR,M,IMF,KH,Cambodia
2013-05-31,4065.0,KHR,M,IMF,KH,Cambodia
2013-06-30,4062.0,KHR,M,IMF,KH,Cambodia
2013-07-31,4062.0,KHR,M,IMF,KH,Cambodia
2013-08-31,4062.0,KHR,M,IMF,KH,Cambodia
2013-09-30,4062.0,KHR,M,IMF,KH,Cambodia
2013-10-31,4040.0,KHR,M,IMF,KH,Cambodia
2013-11-30,3995.0,KHR,M,IMF,KH,Cambodia
2013-12-31,3995.0,KHR,M,IMF,KH,Cambodia
2014-01-31,3995.0,KHR,M,IMF,KH,Cambodia
2014-02-28,3980.0,KHR,M,IMF,KH,Cambodia
2014-03-31,4015.0,KHR,M,IMF,KH,Cambodia
2014-04-30,4015.0,KHR,M,IMF,KH,Cambodia
2014-05-31,4032.0,KHR,M,IMF,KH,Cambodia
2014-06-30,4040.0,KHR,M,IMF,KH,Cambodia
2014-07-31,4050.0,KHR,M,IMF,KH,Cambodia
2014-08-31,4065.0,KHR,M,IMF,KH,Cambodia
2014-09-30,4085.0,KHR,M,IMF,KH,Cambodia
2014-10-31,4076.0,KHR,M,IMF,KH,Cambodia
2014-11-30,4063.0,KHR,M,IMF,KH,Cambodia
2014-12-31,4075.0,KHR,M,IMF,KH,Cambodia
2015-01-31,4063.0,KHR,M,IMF,KH,Cambodia
2015-02-28,4036.0,KHR,M,IMF,KH,Cambodia
2015-03-31,4014.0,KHR,M,IMF,KH,Cambodia
2015-04-30,4071.0,KHR,M,IMF,KH,Cambodia
2015-05-31,4091.0,KHR,M,IMF,KH,Cambodia
2015-06-30,4098.0,KHR,M,IMF,KH,Cambodia
2015-07-31,4117.0,KHR,M,IMF,KH,Cambodia
2015-08-31,4102.0,KHR,M,IMF,KH,Cambodia
2015-09-30,4079.0,KHR,M,IMF,KH,Cambodia
2015-10-31,4055.0,KHR,M,IMF,KH,Cambodia
2015-11-30,4050.0,KHR,M,IMF,KH,Cambodia
2015-12-31,4051.5,KHR,M,IMF,KH,Cambodia
2016-01-31,4041.0,KHR,M,IMF,KH,Cambodia
2016-02-29,4013.0,KHR,M,IMF,KH,Cambodia
2016-03-31,4014.0,KHR,M,IMF,KH,Cambodia
2016-04-30,4067.0,KHR,M,IMF,KH,Cambodia
2016-05-31,4086.5,KHR,M,IMF,KH,Cambodia
2016-06-30,4086.0,KHR,M,IMF,KH,Cambodia
2016-07-31,4098.5,KHR,M,IMF,KH,Cambodia
2016-08-31,4101.0,KHR,M,IMF,KH,Cambodia
2016-09-30,4091.5,KHR,M,IMF,KH,Cambodia
2016-10-31,4057.0,KHR,M,IMF,KH,Cambodia
2016-11-30,4036.5,KHR,M,IMF,KH,Cambodia
2016-12-31,4044.5,KHR,M,IMF,KH,Cambodia
2017-01-31,4045.5,KHR,M,IMF,KH,Cambodia
2017-02-28,4006.5,KHR,M,IMF,KH,Cambodia
2017-03-31,4008.5,KHR,M,IMF,KH,Cambodia
2017-04-30,4042.5,KHR,M,IMF,KH,Cambodia
2017-05-31,4073.5,KHR,M,IMF,KH,Cambodia
2017-06-30,4088.0,KHR,M,IMF,KH,Cambodia
2017-07-31,4098.0,KHR,M,IMF,KH,Cambodia
2017-08-31,4060.5,KHR,M,IMF,KH,Cambodia
2017-09-30,4075.0,KHR,M,IMF,KH,Cambodia
2017-10-31,4051.0,KHR,M,IMF,KH,Cambodia
2017-11-30,4039.5,KHR,M,IMF,KH,Cambodia
2017-12-31,4041.5,KHR,M,IMF,KH,Cambodia
2018-01-31,4019.0,KHR,M,IMF,KH,Cambodia
2018-02-28,4013.5,KHR,M,IMF,KH,Cambodia
2018-03-31,4006.5,KHR,M,IMF,KH,Cambodia
2018-04-30,4044.5,KHR,M,IMF,KH,Cambodia
2018-05-31,4083.0,KHR,M,IMF,KH,Cambodia
2018-06-30,4070.5,KHR,M,IMF,KH,Cambodia
2018-07-31,4069.0,KHR,M,IMF,KH,Cambodia
2018-08-31,4084.0,KHR,M,IMF,KH,Cambodia
2018-09-30,4085.5,KHR,M,IMF,KH,Cambodia
2018-10-31,4062.5,KHR,M,IMF,KH,Cambodia
2018-11-30,4044.0,KHR,M,IMF,KH,Cambodia
2018-12-31,4033.0,KHR,M,IMF,KH,Cambodia
2019-01-31,4020.5,KHR,M,IMF,KH,Cambodia
2019-02-28,4011.5,KHR,M,IMF,KH,Cambodia
2019-03-31,4024.5,KHR,M,IMF,KH,Cambodia
2019-04-30,4053.5,KHR,M,IMF,KH,Cambodia
2019-05-31,4069.5,KHR,M,IMF,KH,Cambodia
2019-06-30,4074.0,KHR,M,IMF,KH,Cambodia
2019-07-31,4091.0,KHR,M,IMF,KH,Cambodia
2019-08-31,4091.0,KHR,M,IMF,KH,Cambodia
2019-09-30,4102.5,KHR,M,IMF,KH,Cambodia
2019-10-31,4070.0,KHR,M,IMF,KH,Cambodia
2019-11-30,4079.0,KHR,M,IMF,KH,Cambodia
2019-12-31,4084.0,KHR,M,IMF,KH,Cambodia
2020-01-31,4094.0,KHR,M,IMF,KH,Cambodia
2020-02-29,4090.0,KHR,M,IMF,KH,Cambodia
2020-03-31,4089.5,KHR,M,IMF,KH,Cambodia
2020-04-30,4112.5,KHR,M,IMF,KH,Cambodia
2020-05-31,4129.5,KHR,M,IMF,KH,Cambodia
2020-06-30,4107.5,KHR,M,IMF,KH,Cambodia
2020-07-31,4105.5,KHR,M,IMF,KH,Cambodia
2020-08-31,4111.0,KHR,M,IMF,KH,Cambodia
2020-09-30,4113.0,KHR,M,IMF,KH,Cambodia
2020-10-31,4089.0,KHR,M,IMF,KH,Cambodia
2020-11-30,4073.0,KHR,M,IMF,KH,Cambodia
2020-12-31,4076.5,KHR,M,IMF,KH,Cambodia
2021-01-31,4083.0,KHR,M,IMF,KH,Cambodia
2021-02-28,4088.5,KHR,M,IMF,KH,Cambodia
2021-03-31,4065.5,KHR,M,IMF,KH,Cambodia
2021-04-30,4075.5,KHR,M,IMF,KH,Cambodia
2021-05-31,4111.5,KHR,M,IMF,KH,Cambodia
2021-06-30,4107.0,KHR,M,IMF,KH,Cambodia
2021-07-31,4112.0,KHR,M,IMF,KH,Cambodia
2021-08-31,4124.0,KHR,M,IMF,KH,Cambodia
2021-09-30,4124.5,KHR,M,IMF,KH,Cambodia
2021-10-31,4104.0,KHR,M,IMF,KH,Cambodia
2021-11-30,4107.5,KHR,M,IMF,KH,Cambodia
2021-12-31,4113.5,KHR,M,IMF,KH,Cambodia
2022-01-31,4093.0,KHR,M,IMF,KH,Cambodia
2022-02-28,4090.5,KHR,M,IMF,KH,Cambodia
2022-03-31,4073.0,KHR,M,IMF,KH,Cambodia
2022-04-30,4074.0,KHR,M,IMF,KH,Cambodia
2022-05-31,4092.5,KHR,M,IMF,KH,Cambodia
2022-06-30,4095.5,KHR,M,IMF,KH,Cambodia
2022-07-31,4100.5,KHR,M,IMF,KH,Cambodia
2022-08-31,4109.5,KHR,M,IMF,KH,Cambodia
2022-09-30,4121.5,KHR,M,IMF,KH,Cambodia
2022-10-31,4140.0,KHR,M,IMF,KH,Cambodia
2022-11-30,4115.0,KHR,M,IMF,KH,Cambodia
2022-12-31,4118.0,KHR,M,IMF,KH,Cambodia
2023-01-31,4107.5,KHR,M,IMF,KH,Cambodia
2023-02-28,4056.5,KHR,M,IMF,KH,Cambodia
2023-03-31,4056.5,KHR,M,IMF,KH,Cambodia
2023-04-30,4120.0,KHR,M,IMF,KH,Cambodia
2023-05-31,4121.0,KHR,M,IMF,KH,Cambodia
2023-06-30,4131.0,KHR,M,IMF,KH,Cambodia
2023-07-31,4129.0,KHR,M,IMF,KH,Cambodia
2023-08-31,4156.0,KHR,M,IMF,KH,Cambodia
2023-09-30,4124.5,KHR,M,IMF,KH,Cambodia
2023-10-31,4133.0,KHR,M,IMF,KH,Cambodia
2023-11-30,4118.0,KHR,M,IMF,KH,Cambodia
2023-12-31,4085.0,KHR,M,IMF,KH,Cambodia
2024-01-31,4085.5,KHR,M,IMF,KH,Cambodia
2024-02-29,4068.5,KHR,M,IMF,KH,Cambodia
2024-03-31,4044.5,KHR,M,IMF,KH,Cambodia
2024-04-30,4068.5,KHR,M,IMF,KH,Cambodia
2024-05-31,4100.0,KHR,M,IMF,KH,Cambodia
2024-06-30,4114.0,KHR,M,IMF,KH,Cambodia
2024-07-31,4110.5,KHR,M,IMF,KH,Cambodia
2024-08-31,4063.5,KHR,M,IMF,KH,Cambodia
2024-09-30,4063.0,KHR,M,IMF,KH,Cambodia
2024-10-31,4068.0,KHR,M,IMF,KH,Cambodia
2024-11-30,4032.5,KHR,M,IMF,KH,Cambodia
2024-12-31,4029.5,KHR,M,IMF,KH,Cambodia
2025-01-31,4025.0,KHR,M,IMF,KH,Cambodia
2025-02-28,4014.0,KHR,M,IMF,KH,Cambodia
2025-03-31,4002.0,KHR,M,IMF,KH,Cambodia
2025-04-30,4005.5,KHR,M,IMF,KH,Cambodia
2025-05-31,4007.1,KHR,M,IMF,KH,Cambodia
2025-06-30,4013.3,KHR,M,IMF,KH,Cambodia
2025-07-31,4007.65,KHR,M,IMF,KH,Cambodia
2025-08-31,4010.0,KHR,M,IMF,KH,Cambodia
2025-09-30,4012.7,KHR,M,IMF,KH,Cambodia
2025-10-31,4022.565,KHR,M,IMF,KH,Cambodia
2025-11-30,4010.565,KHR,M,IMF,KH,Cambodia
2025-12-31,4018.0,KHR,M,IMF,KH,Cambodia
2013-01-31,484.1011070110701,XOF,M,IMF,CI,Côte d'Ivoire
2013-02-28,499.6244953918805,XOF,M,IMF,CI,Côte d'Ivoire
2013-03-31,512.2663022256932,XOF,M,IMF,CI,Côte d'Ivoire
2013-04-30,501.8030905752754,XOF,M,IMF,CI,Côte d'Ivoire
2013-05-31,504.3495309856989,XOF,M,IMF,CI,Côte d'Ivoire
2013-06-30,501.4961773700305,XOF,M,IMF,CI,Côte d'Ivoire
2013-07-31,494.1295668549906,XOF,M,IMF,CI,Côte d'Ivoire
2013-08-31,495.62296939932,XOF,M,IMF,CI,Côte d'Ivoire
2013-09-30,485.714179933358,XOF,M,IMF,CI,Côte d'Ivoire
2013-10-31,480.8716369767612,XOF,M,IMF,CI,Côte d'Ivoire
2013-11-30,481.9315259716406,XOF,M,IMF,CI,Côte d'Ivoire
2013-12-31,475.6413603074469,XOF,M,IMF,CI,Côte d'Ivoire
2014-01-31,485.318881325836,XOF,M,IMF,CI,Côte d'Ivoire
2014-02-28,474.8838051111272,XOF,M,IMF,CI,Côte d'Ivoire
2014-03-31,475.74485059472,XOF,M,IMF,CI,Côte d'Ivoire
2014-04-30,473.6151624548736,XOF,M,IMF,CI,Côte d'Ivoire
2014-05-31,482.0731976188727,XOF,M,IMF,CI,Côte d'Ivoire
2014-06-30,480.2731000146435,XOF,M,IMF,CI,Côte d'Ivoire
2014-07-31,490.2885118469243,XOF,M,IMF,CI,Côte d'Ivoire
2014-08-31,497.3892932969366,XOF,M,IMF,CI,Côte d'Ivoire
2014-09-30,521.3041405070333,XOF,M,IMF,CI,Côte d'Ivoire
2014-10-31,523.7599808367934,XOF,M,IMF,CI,Côte d'Ivoire
2014-11-30,525.4802531442762,XOF,M,IMF,CI,Côte d'Ivoire
2014-12-31,540.2825137962277,XOF,M,IMF,CI,Côte d'Ivoire
2015-01-31,580.2361786819991,XOF,M,IMF,CI,Côte d'Ivoire
2015-02-28,583.5916370106762,XOF,M,IMF,CI,Côte d'Ivoire
2015-03-31,609.6821265916907,XOF,M,IMF,CI,Côte d'Ivoire
2015-04-30,584.8925546143557,XOF,M,IMF,CI,Côte d'Ivoire
2015-05-31,597.9553327256153,XOF,M,IMF,CI,Côte d'Ivoire
2015-06-30,586.2516757529717,XOF,M,IMF,CI,Côte d'Ivoire
2015-07-31,598.1189021610285,XOF,M,IMF,CI,Côte d'Ivoire
2015-08-31,584.8925546143557,XOF,M,IMF,CI,Côte d'Ivoire
2015-09-30,585.5190573953406,XOF,M,IMF,CI,Côte d'Ivoire
2015-10-31,595.4043750567305,XOF,M,IMF,CI,Côte d'Ivoire
2015-11-30,620.0557708668116,XOF,M,IMF,CI,Côte d'Ivoire
2015-12-31,602.5140075319188,XOF,M,IMF,CI,Côte d'Ivoire
2016-01-31,600.6932234432235,XOF,M,IMF,CI,Côte d'Ivoire
2016-02-29,602.458670095518,XOF,M,IMF,CI,Côte d'Ivoire
2016-03-31,576.1589811155029,XOF,M,IMF,CI,Côte d'Ivoire
2016-04-30,575.2494957467333,XOF,M,IMF,CI,Côte d'Ivoire
2016-05-31,588.0912677066523,XOF,M,IMF,CI,Côte d'Ivoire
2016-06-30,590.8457935507116,XOF,M,IMF,CI,Côte d'Ivoire
2016-07-31,590.2609556375417,XOF,M,IMF,CI,Côte d'Ivoire
2016-08-31,589.2535034135825,XOF,M,IMF,CI,Côte d'Ivoire
2016-09-30,587.7224263058866,XOF,M,IMF,CI,Côte d'Ivoire
2016-10-31,599.2663986844509,XOF,M,IMF,CI,Côte d'Ivoire
2016-11-30,616.7907851433944,XOF,M,IMF,CI,Côte d'Ivoire
2016-12-31,622.2910539796983,XOF,M,IMF,CI,Côte d'Ivoire
2017-01-31,609.908879590888,XOF,M,IMF,CI,Côte d'Ivoire
2017-02-28,619.0025478909125,XOF,M,IMF,CI,Côte d'Ivoire
2017-03-31,613.5600037414648,XOF,M,IMF,CI,Côte d'Ivoire
2017-04-30,600.1436413540714,XOF,M,IMF,CI,Côte d'Ivoire
2017-05-31,584.5798057214153,XOF,M,IMF,CI,Côte d'Ivoire
2017-06-30,574.7958289519803,XOF,M,IMF,CI,Côte d'Ivoire
2017-07-31,559.3561865779824,XOF,M,IMF,CI,Côte d'Ivoire
2017-08-31,554.7205073995772,XOF,M,IMF,CI,Côte d'Ivoire
2017-09-30,555.6132475012705,XOF,M,IMF,CI,Côte d'Ivoire
2017-10-31,563.6337858738615,XOF,M,IMF,CI,Côte d'Ivoire
2017-11-30,553.5969280108026,XOF,M,IMF,CI,Côte d'Ivoire
2017-12-31,546.9498874343367,XOF,M,IMF,CI,Côte d'Ivoire
2018-01-31,526.5770249658827,XOF,M,IMF,CI,Côte d'Ivoire
2018-02-28,537.053381365646,XOF,M,IMF,CI,Côte d'Ivoire
2018-03-31,532.3894164434705,XOF,M,IMF,CI,Côte d'Ivoire
2018-04-30,543.0557165328256,XOF,M,IMF,CI,Côte d'Ivoire
2018-05-31,560.6949311907001,XOF,M,IMF,CI,Côte d'Ivoire
2018-06-30,562.6668382226796,XOF,M,IMF,CI,Côte d'Ivoire
2018-07-31,558.9272324471711,XOF,M,IMF,CI,Côte d'Ivoire
2018-08-31,563.004892283924,XOF,M,IMF,CI,Côte d'Ivoire
2018-09-30,566.6525570145128,XOF,M,IMF,CI,Côte d'Ivoire
2018-10-31,579.5697119632443,XOF,M,IMF,CI,Côte d'Ivoire
2018-11-30,577.4777709305396,XOF,M,IMF,CI,Côte d'Ivoire
2018-12-31,572.888209606987,XOF,M,IMF,CI,Côte d'Ivoire
2019-01-31,570.9932103064067,XOF,M,IMF,CI,Côte d'Ivoire
2019-02-28,574.5944288717589,XOF,M,IMF,CI,Côte d'Ivoire
2019-03-31,583.851357365376,XOF,M,IMF,CI,Côte d'Ivoire
2019-04-30,584.7361383490819,XOF,M,IMF,CI,Côte d'Ivoire
2019-05-31,588.2494843511793,XOF,M,IMF,CI,Côte d'Ivoire
2019-06-30,576.4121265377856,XOF,M,IMF,CI,Côte d'Ivoire
2019-07-31,588.2494843511793,XOF,M,IMF,CI,Côte d'Ivoire
2019-08-31,594.3793040956868,XOF,M,IMF,CI,Côte d'Ivoire
2019-09-30,602.4033428230324,XOF,M,IMF,CI,Côte d'Ivoire
2019-10-31,588.0912677066523,XOF,M,IMF,CI,Côte d'Ivoire
2019-11-30,597.3019486432344,XOF,M,IMF,CI,Côte d'Ivoire
2019-12-31,583.9033291792772,XOF,M,IMF,CI,Côte d'Ivoire
2020-01-31,593.5188201230548,XOF,M,IMF,CI,Côte d'Ivoire
2020-02-29,597.5740184021136,XOF,M,IMF,CI,Côte d'Ivoire
2020-03-31,598.719423147134,XOF,M,IMF,CI,Côte d'Ivoire
2020-04-30,603.1233909525561,XOF,M,IMF,CI,Côte d'Ivoire
2020-05-31,589.0418462643678,XOF,M,IMF,CI,Côte d'Ivoire
2020-06-30,585.7804965172352,XOF,M,IMF,CI,Côte d'Ivoire
2020-07-31,553.6436529372046,XOF,M,IMF,CI,Côte d'Ivoire
2020-08-31,549.3777219430486,XOF,M,IMF,CI,Côte d'Ivoire
2020-09-30,560.2639221045439,XOF,M,IMF,CI,Côte d'Ivoire
2020-10-31,560.7428620276971,XOF,M,IMF,CI,Côte d'Ivoire
2020-11-30,547.5434056761269,XOF,M,IMF,CI,Côte d'Ivoire
2020-12-31,534.5587156710944,XOF,M,IMF,CI,Côte d'Ivoire
2021-01-31,540.5051087673039,XOF,M,IMF,CI,Côte d'Ivoire
2021-02-28,541.1739955449221,XOF,M,IMF,CI,Côte d'Ivoire
2021-03-31,559.4515991471216,XOF,M,IMF,CI,Côte d'Ivoire
2021-04-30,542.9208740274789,XOF,M,IMF,CI,Côte d'Ivoire
2021-05-31,537.6256044586509,XOF,M,IMF,CI,Côte d'Ivoire
2021-06-30,551.9665095927297,XOF,M,IMF,CI,Côte d'Ivoire
2021-07-31,551.6415776637793,XOF,M,IMF,CI,Côte d'Ivoire
2021-08-31,554.2986310630387,XOF,M,IMF,CI,Côte d'Ivoire
2021-09-30,566.5057431557129,XOF,M,IMF,CI,Côte d'Ivoire
2021-10-31,563.2949763847145,XOF,M,IMF,CI,Côte d'Ivoire
2021-11-30,577.2744873712928,XOF,M,IMF,CI,Côte d'Ivoire
2021-12-31,579.1603390429101,XOF,M,IMF,CI,Côte d'Ivoire
2022-01-31,587.9858372176408,XOF,M,IMF,CI,Côte d'Ivoire
2022-02-28,585.7281900169658,XOF,M,IMF,CI,Côte d'Ivoire
2022-03-31,590.8990181064769,XOF,M,IMF,CI,Côte d'Ivoire
2022-04-30,622.3500948766604,XOF,M,IMF,CI,Côte d'Ivoire
2022-05-31,612.3000093344535,XOF,M,IMF,CI,Côte d'Ivoire
2022-06-30,631.5172812169056,XOF,M,IMF,CI,Côte d'Ivoire
2022-07-31,643.2212198470288,XOF,M,IMF,CI,Côte d'Ivoire
2022-08-31,655.957,XOF,M,IMF,CI,Côte d'Ivoire
2022-09-30,672.9144439885108,XOF,M,IMF,CI,Côte d'Ivoire
2022-10-31,661.6471656243693,XOF,M,IMF,CI,Côte d'Ivoire
2022-11-30,632.1867771781033,XOF,M,IMF,CI,Côte d'Ivoire
2022-12-31,614.9981248828052,XOF,M,IMF,CI,Côte d'Ivoire
2023-01-31,605.5174005354011,XOF,M,IMF,CI,Côte d'Ivoire
2023-02-28,617.7201243054902,XOF,M,IMF,CI,Côte d'Ivoire
2023-03-31,603.1788505747127,XOF,M,IMF,CI,Côte d'Ivoire
2023-04-30,597.3563427738821,XOF,M,IMF,CI,Côte d'Ivoire
2023-05-31,614.0194701862773,XOF,M,IMF,CI,Côte d'Ivoire
2023-06-30,603.678446530462,XOF,M,IMF,CI,Côte d'Ivoire
2023-07-31,595.0802866733194,XOF,M,IMF,CI,Côte d'Ivoire
2023-08-31,603.5673536989326,XOF,M,IMF,CI,Côte d'Ivoire
2023-09-30,619.1778365112328,XOF,M,IMF,CI,Côte d'Ivoire
2023-10-31,617.7201243054902,XOF,M,IMF,CI,Côte d'Ivoire
2023-11-30,600.0887384502792,XOF,M,IMF,CI,Côte d'Ivoire
2023-12-31,593.6262443438914,XOF,M,IMF,CI,Côte d'Ivoire
2024-01-31,605.2939005259758,XOF,M,IMF,CI,Côte d'Ivoire
2024-02-29,605.9089229632366,XOF,M,IMF,CI,Côte d'Ivoire
2024-03-31,606.7496068818796,XOF,M,IMF,CI,Côte d'Ivoire
2024-04-30,612.0143683523045,XOF,M,IMF,CI,Côte d'Ivoire
2024-05-31,604.4572429045337,XOF,M,IMF,CI,Côte d'Ivoire
2024-06-30,612.7575899112564,XOF,M,IMF,CI,Côte d'Ivoire
2024-07-31,605.7970077576653,XOF,M,IMF,CI,Côte d'Ivoire
2024-08-31,591.6451700189411,XOF,M,IMF,CI,Côte d'Ivoire
2024-09-30,585.8851375491247,XOF,M,IMF,CI,Côte d'Ivoire
2024-10-31,602.7908472707223,XOF,M,IMF,CI,Côte d'Ivoire
2024-11-30,621.0537776936186,XOF,M,IMF,CI,Côte d'Ivoire
2024-12-31,631.3957069977861,XOF,M,IMF,CI,Côte d'Ivoire
2025-01-31,631.1526989319734,XOF,M,IMF,CI,Côte d'Ivoire
2025-02-28,630.0614734415522,XOF,M,IMF,CI,Côte d'Ivoire
2025-03-31,606.5251964863616,XOF,M,IMF,CI,Côte d'Ivoire
2025-04-30,576.7669040710455,XOF,M,IMF,CI,Côte d'Ivoire
2025-05-31,578.4963400652615,XOF,M,IMF,CI,Côte d'Ivoire
2025-06-30,559.6902730375426,XOF,M,IMF,CI,Côte d'Ivoire
2025-07-31,573.0884151668705,XOF,M,IMF,CI,Côte d'Ivoire
2025-08-31,562.6668382226796,XOF,M,IMF,CI,Côte d'Ivoire
2025-09-30,558.6892087556427,XOF,M,IMF,CI,Côte d'Ivoire
2025-10-31,567.731521550978,XOF,M,IMF,CI,Côte d'Ivoire
2025-11-30,567.1424865986512,XOF,M,IMF,CI,Côte d'Ivoire
2025-12-31,558.2612765957447,XOF,M,IMF,CI,Côte d'Ivoire
2026-01-31,550.3456665827673,XOF,M,IMF,CI,Côte d'Ivoire
2013-01-31,18.2589,ETB,M,IMF,ET,"Ethiopia, The Federal Democratic Republic of"
2013-02-28,18.3308,ETB,M,IMF,ET,"Ethiopia, The Federal Democratic Republic of"
2013-03-31,18.4086,ETB,M,IMF,ET,"Ethiopia, The Federal Democratic Republic of"
2013-04-30,18.4929,ETB,M,IMF,ET,"Ethiopia, The Federal Democratic Republic of"
2013-05-31,18.5734,ETB,M,IMF,ET,"Ethiopia, The Federal Democratic Republic of"
2013-06-30,18.6426,ETB,M,IMF,ET,"Ethiopia, The Federal Democratic Republic of"
2013-07-31,18.7075,ETB,M,IMF,ET,"Ethiopia, The Federal Democratic Republic of"
2013-08-31,18.7696,ETB,M,IMF,ET,"Ethiopia, The Federal Democratic Republic of"
2013-09-30,18.8255,ETB,M,IMF,ET,"Ethiopia, The Federal Democratic Republic of"
2013-10-31,18.8966,ETB,M,IMF,ET,"Ethiopia, The Federal Democratic Republic of"
2013-11-30,18.9751,ETB,M,IMF,ET,"Ethiopia, The Federal Democratic Republic of"
2013-12-31,19.0587,ETB,M,IMF,ET,"Ethiopia, The Federal Democratic Republic of"
2014-01-31,19.1389,ETB,M,IMF,ET,"Ethiopia, The Federal Democratic Republic of"
2014-02-28,19.2195,ETB,M,IMF,ET,"Ethiopia, The Federal Democratic Republic of"
2014-03-31,19.3044,ETB,M,IMF,ET,"Ethiopia, The Federal Democratic Republic of"
2014-04-30,19.3938,ETB,M,IMF,ET,"Ethiopia, The Federal Democratic Republic of"
2014-05-31,19.4787,ETB,M,IMF,ET,"Ethiopia, The Federal Democratic Republic of"
2014-06-30,19.5771,ETB,M,IMF,ET,"Ethiopia, The Federal Democratic Republic of"
2014-07-31,19.6788,ETB,M,IMF,ET,"Ethiopia, The Federal Democratic Republic of"
2014-08-31,19.7755,ETB,M,IMF,ET,"Ethiopia, The Federal Democratic Republic of"
2014-09-30,19.8728,ETB,M,IMF,ET,"Ethiopia, The Federal Democratic Republic of"
2014-10-31,19.9545,ETB,M,IMF,ET,"Ethiopia, The Federal Democratic Republic of"
2014-11-30,20.0229,ETB,M,IMF,ET,"Ethiopia, The Federal Democratic Republic of"
2014-12-31,20.1024,ETB,M,IMF,ET,"Ethiopia, The Federal Democratic Republic of"
2015-01-31,20.1716,ETB,M,IMF,ET,"Ethiopia, The Federal Democratic Republic of"
2015-02-28,20.2494,ETB,M,IMF,ET,"Ethiopia, The Federal Democratic Republic of"
2015-03-31,20.3293,ETB,M,IMF,ET,"Ethiopia, The Federal Democratic Republic of"
2015-04-30,20.4087,ETB,M,IMF,ET,"Ethiopia, The Federal Democratic Republic of"
2015-05-31,20.4783,ETB,M,IMF,ET,"Ethiopia, The Federal Democratic Republic of"
2015-06-30,20.56591236,ETB,M,IMF,ET,"Ethiopia, The Federal Democratic Republic of"
2015-07-31,20.6537,ETB,M,IMF,ET,"Ethiopia, The Federal Democratic Republic of"
2015-08-31,20.7379,ETB,M,IMF,ET,"Ethiopia, The Federal Democratic Republic of"
2015-09-30,20.8178,ETB,M,IMF,ET,"Ethiopia, The Federal Democratic Republic of"
2015-10-31,20.9058,ETB,M,IMF,ET,"Ethiopia, The Federal Democratic Republic of"
2015-11-30,20.9898,ETB,M,IMF,ET,"Ethiopia, The Federal Democratic Republic of"
2015-12-31,21.0777,ETB,M,IMF,ET,"Ethiopia, The Federal Democratic Republic of"
2016-01-31,21.1536,ETB,M,IMF,ET,"Ethiopia, The Federal Democratic Republic of"
2016-02-29,21.2376,ETB,M,IMF,ET,"Ethiopia, The Federal Democratic Republic of"
2016-03-31,21.3641,ETB,M,IMF,ET,"Ethiopia, The Federal Democratic Republic of"
2016-04-30,21.4884,ETB,M,IMF,ET,"Ethiopia, The Federal Democratic Republic of"
2016-05-31,21.6332,ETB,M,IMF,ET,"Ethiopia, The Federal Democratic Republic of"
2016-06-30,21.8004,ETB,M,IMF,ET,"Ethiopia, The Federal Democratic Republic of"
2016-07-31,21.8746,ETB,M,IMF,ET,"Ethiopia, The Federal Democratic Republic of"
2016-08-31,21.9654,ETB,M,IMF,ET,"Ethiopia, The Federal Democratic Republic of"
2016-09-30,22.0534,ETB,M,IMF,ET,"Ethiopia, The Federal Democratic Republic of"
2016-10-31,22.1555,ETB,M,IMF,ET,"Ethiopia, The Federal Democratic Republic of"
2016-11-30,22.2728,ETB,M,IMF,ET,"Ethiopia, The Federal Democratic Republic of"
2016-12-31,22.4104,ETB,M,IMF,ET,"Ethiopia, The Federal Democratic Republic of"
2017-01-31,22.5284,ETB,M,IMF,ET,"Ethiopia, The Federal Democratic Republic of"
2017-02-28,22.6322,ETB,M,IMF,ET,"Ethiopia, The Federal Democratic Republic of"
2017-03-31,22.7519,ETB,M,IMF,ET,"Ethiopia, The Federal Democratic Republic of"
2017-04-30,22.8561,ETB,M,IMF,ET,"Ethiopia, The Federal Democratic Republic of"
2017-05-31,22.9705,ETB,M,IMF,ET,"Ethiopia, The Federal Democratic Republic of"
2017-06-30,23.1081,ETB,M,IMF,ET,"Ethiopia, The Federal Democratic Republic of"
2017-07-31,23.1956,ETB,M,IMF,ET,"Ethiopia, The Federal Democratic Republic of"
2017-08-31,23.2972,ETB,M,IMF,ET,"Ethiopia, The Federal Democratic Republic of"
2017-09-30,23.3854,ETB,M,IMF,ET,"Ethiopia, The Federal Democratic Republic of"
2017-10-31,27.0234,ETB,M,IMF,ET,"Ethiopia, The Federal Democratic Republic of"
2017-11-30,27.1657,ETB,M,IMF,ET,"Ethiopia, The Federal Democratic Republic of"
2017-12-31,27.2051,ETB,M,IMF,ET,"Ethiopia, The Federal Democratic Republic of"
2018-01-31,27.2229,ETB,M,IMF,ET,"Ethiopia, The Federal Democratic Republic of"
2018-02-28,27.2285,ETB,M,IMF,ET,"Ethiopia, The Federal Democratic Republic of"
2018-03-31,27.2399,ETB,M,IMF,ET,"Ethiopia, The Federal Democratic Republic of"
2018-04-30,27.2454,ETB,M,IMF,ET,"Ethiopia, The Federal Democratic Republic of"
2018-05-31,27.2511,ETB,M,IMF,ET,"Ethiopia, The Federal Democratic Republic of"
2018-06-30,27.2621,ETB,M,IMF,ET,"Ethiopia, The Federal Democratic Republic of"
2018-07-31,27.3703,ETB,M,IMF,ET,"Ethiopia, The Federal Democratic Republic of"
2018-08-31,27.4849,ETB,M,IMF,ET,"Ethiopia, The Federal Democratic Republic of"
2018-09-30,27.5889,ETB,M,IMF,ET,"Ethiopia, The Federal Democratic Republic of"
2018-10-31,27.7353,ETB,M,IMF,ET,"Ethiopia, The Federal Democratic Republic of"
2018-11-30,27.8813,ETB,M,IMF,ET,"Ethiopia, The Federal Democratic Republic of"
2018-12-31,28.0398,ETB,M,IMF,ET,"Ethiopia, The Federal Democratic Republic of"
2019-01-31,28.2006,ETB,M,IMF,ET,"Ethiopia, The Federal Democratic Republic of"
2019-02-28,28.3363,ETB,M,IMF,ET,"Ethiopia, The Federal Democratic Republic of"
2019-03-31,28.4854,ETB,M,IMF,ET,"Ethiopia, The Federal Democratic Republic of"
2019-04-30,28.6293,ETB,M,IMF,ET,"Ethiopia, The Federal Democratic Republic of"
2019-05-31,28.7739,ETB,M,IMF,ET,"Ethiopia, The Federal Democratic Republic of"
2019-06-30,28.9109,ETB,M,IMF,ET,"Ethiopia, The Federal Democratic Republic of"
2019-07-31,29.0308,ETB,M,IMF,ET,"Ethiopia, The Federal Democratic Republic of"
2019-08-31,29.1524,ETB,M,IMF,ET,"Ethiopia, The Federal Democratic Republic of"
2019-09-30,29.2751,ETB,M,IMF,ET,"Ethiopia, The Federal Democratic Republic of"
2019-10-31,29.4303,ETB,M,IMF,ET,"Ethiopia, The Federal Democratic Republic of"
2019-11-30,30.6158,ETB,M,IMF,ET,"Ethiopia, The Federal Democratic Republic of"
2019-12-31,31.8041,ETB,M,IMF,ET,"Ethiopia, The Federal Democratic Republic of"
2020-01-31,32.0606,ETB,M,IMF,ET,"Ethiopia, The Federal Democratic Republic of"
2020-02-29,32.2739,ETB,M,IMF,ET,"Ethiopia, The Federal Democratic Republic of"
2020-03-31,32.8128,ETB,M,IMF,ET,"Ethiopia, The Federal Democratic Republic of"
2020-04-30,33.5347,ETB,M,IMF,ET,"Ethiopia, The Federal Democratic Republic of"
2020-05-31,34.1621,ETB,M,IMF,ET,"Ethiopia, The Federal Democratic Republic of"
2020-06-30,34.9822,ETB,M,IMF,ET,"Ethiopia, The Federal Democratic Republic of"
2020-07-31,35.2684,ETB,M,IMF,ET,"Ethiopia, The Federal Democratic Republic of"
2020-08-31,36.1553,ETB,M,IMF,ET,"Ethiopia, The Federal Democratic Republic of"
2020-09-30,36.7488,ETB,M,IMF,ET,"Ethiopia, The Federal Democratic Republic of"
2020-10-31,37.5468,ETB,M,IMF,ET,"Ethiopia, The Federal Democratic Republic of"
2020-11-30,38.0516,ETB,M,IMF,ET,"Ethiopia, The Federal Democratic Republic of"
2020-12-31,39.1809,ETB,M,IMF,ET,"Ethiopia, The Federal Democratic Republic of"
2021-01-31,39.4355,ETB,M,IMF,ET,"Ethiopia, The Federal Democratic Republic of"
2021-02-28,39.9715,ETB,M,IMF,ET,"Ethiopia, The Federal Democratic Republic of"
2021-03-31,41.3165,ETB,M,IMF,ET,"Ethiopia, The Federal Democratic Republic of"
2021-04-30,41.9424,ETB,M,IMF,ET,"Ethiopia, The Federal Democratic Republic of"
2021-05-31,43.0853,ETB,M,IMF,ET,"Ethiopia, The Federal Democratic Republic of"
2021-06-30,43.691,ETB,M,IMF,ET,"Ethiopia, The Federal Democratic Republic of"
2021-07-31,44.3046,ETB,M,IMF,ET,"Ethiopia, The Federal Democratic Republic of"
2021-08-31,45.4827,ETB,M,IMF,ET,"Ethiopia, The Federal Democratic Republic of"
2021-09-30,46.1007,ETB,M,IMF,ET,"Ethiopia, The Federal Democratic Republic of"
2021-10-31,47.2184,ETB,M,IMF,ET,"Ethiopia, The Federal Democratic Republic of"
2021-11-30,47.8791,ETB,M,IMF,ET,"Ethiopia, The Federal Democratic Republic of"
2021-12-31,49.1936,ETB,M,IMF,ET,"Ethiopia, The Federal Democratic Republic of"
2022-01-31,49.7983,ETB,M,IMF,ET,"Ethiopia, The Federal Democratic Republic of"
2022-02-28,50.779,ETB,M,IMF,ET,"Ethiopia, The Federal Democratic Republic of"
2022-03-31,50.9867,ETB,M,IMF,ET,"Ethiopia, The Federal Democratic Republic of"
2022-04-30,51.3992,ETB,M,IMF,ET,"Ethiopia, The Federal Democratic Republic of"
2022-05-31,51.5678,ETB,M,IMF,ET,"Ethiopia, The Federal Democratic Republic of"
2022-06-30,51.9938,ETB,M,IMF,ET,"Ethiopia, The Federal Democratic Republic of"
2022-07-31,52.1427,ETB,M,IMF,ET,"Ethiopia, The Federal Democratic Republic of"
2022-08-31,52.4617,ETB,M,IMF,ET,"Ethiopia, The Federal Democratic Republic of"
2022-09-30,52.5893,ETB,M,IMF,ET,"Ethiopia, The Federal Democratic Republic of"
2022-10-31,52.8777,ETB,M,IMF,ET,"Ethiopia, The Federal Democratic Republic of"
2022-11-30,53.0339,ETB,M,IMF,ET,"Ethiopia, The Federal Democratic Republic of"
2022-12-31,53.3387,ETB,M,IMF,ET,"Ethiopia, The Federal Democratic Republic of"
2023-01-31,53.4716,ETB,M,IMF,ET,"Ethiopia, The Federal Democratic Republic of"
2023-02-28,53.7445,ETB,M,IMF,ET,"Ethiopia, The Federal Democratic Republic of"
2023-03-31,53.9027,ETB,M,IMF,ET,"Ethiopia, The Federal Democratic Republic of"
2023-04-30,54.1696,ETB,M,IMF,ET,"Ethiopia, The Federal Democratic Republic of"
2023-05-31,54.3041,ETB,M,IMF,ET,"Ethiopia, The Federal Democratic Republic of"
2023-06-30,54.5943,ETB,M,IMF,ET,"Ethiopia, The Federal Democratic Republic of"
2023-07-31,54.7611,ETB,M,IMF,ET,"Ethiopia, The Federal Democratic Republic of"
2023-08-31,55.0944,ETB,M,IMF,ET,"Ethiopia, The Federal Democratic Republic of"
2023-09-30,55.2224,ETB,M,IMF,ET,"Ethiopia, The Federal Democratic Republic of"
2023-10-31,55.523,ETB,M,IMF,ET,"Ethiopia, The Federal Democratic Republic of"
2023-11-30,55.6998,ETB,M,IMF,ET,"Ethiopia, The Federal Democratic Republic of"
2023-12-31,55.9969,ETB,M,IMF,ET,"Ethiopia, The Federal Democratic Republic of"
2024-01-31,56.1663,ETB,M,IMF,ET,"Ethiopia, The Federal Democratic Republic of"
2024-02-29,56.4624,ETB,M,IMF,ET,"Ethiopia, The Federal Democratic Republic of"
2024-03-31,56.6236,ETB,M,IMF,ET,"Ethiopia, The Federal Democratic Republic of"
2024-04-30,56.9193,ETB,M,IMF,ET,"Ethiopia, The Federal Democratic Republic of"
2024-05-31,57.0504,ETB,M,IMF,ET,"Ethiopia, The Federal Democratic Republic of"
2024-06-30,57.3265,ETB,M,IMF,ET,"Ethiopia, The Federal Democratic Republic of"
2024-07-31,75.3302,ETB,M,IMF,ET,"Ethiopia, The Federal Democratic Republic of"
2024-08-31,111.2108,ETB,M,IMF,ET,"Ethiopia, The Federal Democratic Republic of"
2024-09-30,119.2766,ETB,M,IMF,ET,"Ethiopia, The Federal Democratic Republic of"
2024-10-31,120.9588,ETB,M,IMF,ET,"Ethiopia, The Federal Democratic Republic of"
2024-11-30,124.9256,ETB,M,IMF,ET,"Ethiopia, The Federal Democratic Republic of"
2024-12-31,125.9644,ETB,M,IMF,ET,"Ethiopia, The Federal Democratic Republic of"
2025-01-31,126.3713,ETB,M,IMF,ET,"Ethiopia, The Federal Democratic Republic of"
2025-02-28,126.5785,ETB,M,IMF,ET,"Ethiopia, The Federal Democratic Republic of"
2025-03-31,129.9475,ETB,M,IMF,ET,"Ethiopia, The Federal Democratic Republic of"
2025-04-30,131.5649,ETB,M,IMF,ET,"Ethiopia, The Federal Democratic Republic of"
2025-05-31,134.3395,ETB,M,IMF,ET,"Ethiopia, The Federal Democratic Republic of"
2025-06-30,135.3711,ETB,M,IMF,ET,"Ethiopia, The Federal Democratic Republic of"
2025-07-31,137.9485,ETB,M,IMF,ET,"Ethiopia, The Federal Democratic Republic of"
2025-08-31,141.6998,ETB,M,IMF,ET,"Ethiopia, The Federal Democratic Republic of"
2025-09-30,146.4188,ETB,M,IMF,ET,"Ethiopia, The Federal Democratic Republic of"
2013-01-31,1.9003,GHS,M,IMF,GH,Ghana
2013-02-28,1.9111,GHS,M,IMF,GH,Ghana
2013-03-31,1.9385,GHS,M,IMF,GH,Ghana
2013-04-30,1.9674,GHS,M,IMF,GH,Ghana
2013-05-31,1.9723,GHS,M,IMF,GH,Ghana
2013-06-30,1.9883,GHS,M,IMF,GH,Ghana
2013-07-31,1.9925,GHS,M,IMF,GH,Ghana
2013-08-31,1.9965,GHS,M,IMF,GH,Ghana
2013-09-30,1.9988,GHS,M,IMF,GH,Ghana
2013-10-31,2.0256,GHS,M,IMF,GH,Ghana
2013-11-30,2.0818,GHS,M,IMF,GH,Ghana
2013-12-31,2.1616,GHS,M,IMF,GH,Ghana
2014-01-31,2.3975,GHS,M,IMF,GH,Ghana
2014-02-28,2.5232,GHS,M,IMF,GH,Ghana
2014-03-31,2.68,GHS,M,IMF,GH,Ghana
2014-04-30,2.7939,GHS,M,IMF,GH,Ghana
2014-05-31,2.892,GHS,M,IMF,GH,Ghana
2014-06-30,3.0016,GHS,M,IMF,GH,Ghana
2014-07-31,3.0337,GHS,M,IMF,GH,Ghana
2014-08-31,3.1333,GHS,M,IMF,GH,Ghana
2014-09-30,3.1973,GHS,M,IMF,GH,Ghana
2014-10-31,3.1955,GHS,M,IMF,GH,Ghana
2014-11-30,3.1955,GHS,M,IMF,GH,Ghana
2014-12-31,3.2001,GHS,M,IMF,GH,Ghana
2015-01-31,3.2401,GHS,M,IMF,GH,Ghana
2015-02-28,3.4745,GHS,M,IMF,GH,Ghana
2015-03-31,3.7472,GHS,M,IMF,GH,Ghana
2015-04-30,3.8493,GHS,M,IMF,GH,Ghana
2015-05-31,3.9976,GHS,M,IMF,GH,Ghana
2015-06-30,4.3274,GHS,M,IMF,GH,Ghana
2015-07-31,3.4546,GHS,M,IMF,GH,Ghana
2015-08-31,4.0456,GHS,M,IMF,GH,Ghana
2015-09-30,3.7545,GHS,M,IMF,GH,Ghana
2015-10-31,3.7854,GHS,M,IMF,GH,Ghana
2015-11-30,3.7861,GHS,M,IMF,GH,Ghana
2015-12-31,3.7944,GHS,M,IMF,GH,Ghana
2016-01-31,3.8311,GHS,M,IMF,GH,Ghana
2016-02-29,3.8787,GHS,M,IMF,GH,Ghana
2016-03-31,3.8304,GHS,M,IMF,GH,Ghana
2016-04-30,3.7951,GHS,M,IMF,GH,Ghana
2016-05-31,3.8337,GHS,M,IMF,GH,Ghana
2016-06-30,3.923,GHS,M,IMF,GH,Ghana
2016-07-31,3.9469,GHS,M,IMF,GH,Ghana
2016-08-31,3.9445,GHS,M,IMF,GH,Ghana
2016-09-30,3.9709,GHS,M,IMF,GH,Ghana
2016-10-31,3.9643,GHS,M,IMF,GH,Ghana
2016-11-30,3.9805,GHS,M,IMF,GH,Ghana
2016-12-31,4.2002,GHS,M,IMF,GH,Ghana
2017-01-31,4.2711,GHS,M,IMF,GH,Ghana
2017-02-28,4.4786,GHS,M,IMF,GH,Ghana
2017-03-31,4.3173,GHS,M,IMF,GH,Ghana
2017-04-30,4.1867,GHS,M,IMF,GH,Ghana
2017-05-31,4.2857,GHS,M,IMF,GH,Ghana
2017-06-30,4.3629,GHS,M,IMF,GH,Ghana
2017-07-31,4.3743,GHS,M,IMF,GH,Ghana
2017-08-31,4.3994,GHS,M,IMF,GH,Ghana
2017-09-30,4.3944,GHS,M,IMF,GH,Ghana
2017-10-31,4.3765,GHS,M,IMF,GH,Ghana
2017-11-30,4.4122,GHS,M,IMF,GH,Ghana
2017-12-31,4.4157,GHS,M,IMF,GH,Ghana
2018-01-31,4.424,GHS,M,IMF,GH,Ghana
2018-02-28,4.4187,GHS,M,IMF,GH,Ghana
2018-03-31,4.4044,GHS,M,IMF,GH,Ghana
2018-04-30,4.4078,GHS,M,IMF,GH,Ghana
2018-05-31,4.4226,GHS,M,IMF,GH,Ghana
2018-06-30,4.523,GHS,M,IMF,GH,Ghana
2018-07-31,4.6943,GHS,M,IMF,GH,Ghana
2018-08-31,4.7241,GHS,M,IMF,GH,Ghana
2018-09-30,4.7776,GHS,M,IMF,GH,Ghana
2018-10-31,4.7899,GHS,M,IMF,GH,Ghana
2018-11-30,4.806,GHS,M,IMF,GH,Ghana
2018-12-31,4.82,GHS,M,IMF,GH,Ghana
2019-01-31,4.9506,GHS,M,IMF,GH,Ghana
2019-02-28,5.1752,GHS,M,IMF,GH,Ghana
2019-03-31,5.0834,GHS,M,IMF,GH,Ghana
2019-04-30,5.0881,GHS,M,IMF,GH,Ghana
2019-05-31,5.2011,GHS,M,IMF,GH,Ghana
2019-06-30,5.259,GHS,M,IMF,GH,Ghana
2019-07-31,5.257,GHS,M,IMF,GH,Ghana
2019-08-31,5.2814,GHS,M,IMF,GH,Ghana
2019-09-30,5.3161,GHS,M,IMF,GH,Ghana
2019-10-31,5.3372,GHS,M,IMF,GH,Ghana
2019-11-30,5.5254,GHS,M,IMF,GH,Ghana
2019-12-31,5.5337,GHS,M,IMF,GH,Ghana
2020-01-31,5.465,GHS,M,IMF,GH,Ghana
2020-02-29,5.2949,GHS,M,IMF,GH,Ghana
2020-03-31,5.4423,GHS,M,IMF,GH,Ghana
2020-04-30,5.601,GHS,M,IMF,GH,Ghana
2020-05-31,5.6203,GHS,M,IMF,GH,Ghana
2020-06-30,5.6674,GHS,M,IMF,GH,Ghana
2020-07-31,5.6782,GHS,M,IMF,GH,Ghana
2020-08-31,5.6848,GHS,M,IMF,GH,Ghana
2020-09-30,5.7027,GHS,M,IMF,GH,Ghana
2020-10-31,5.71,GHS,M,IMF,GH,Ghana
2020-11-30,5.7139,GHS,M,IMF,GH,Ghana
2020-12-31,5.7602,GHS,M,IMF,GH,Ghana
2021-01-31,5.7604,GHS,M,IMF,GH,Ghana
2021-02-28,5.7374,GHS,M,IMF,GH,Ghana
2021-03-31,5.7288,GHS,M,IMF,GH,Ghana
2021-04-30,5.7322,GHS,M,IMF,GH,Ghana
2021-05-31,5.7473,GHS,M,IMF,GH,Ghana
2021-06-30,5.7626,GHS,M,IMF,GH,Ghana
2021-07-31,5.8011,GHS,M,IMF,GH,Ghana
2021-08-31,5.8517,GHS,M,IMF,GH,Ghana
2021-09-30,5.8863,GHS,M,IMF,GH,Ghana
2021-10-31,5.9009,GHS,M,IMF,GH,Ghana
2021-11-30,5.9172,GHS,M,IMF,GH,Ghana
2021-12-31,6.0061,GHS,M,IMF,GH,Ghana
2022-01-31,6.0236,GHS,M,IMF,GH,Ghana
2022-02-28,6.6604,GHS,M,IMF,GH,Ghana
2022-03-31,7.1122,GHS,M,IMF,GH,Ghana
2022-04-30,7.1128,GHS,M,IMF,GH,Ghana
2022-05-31,7.1441,GHS,M,IMF,GH,Ghana
2022-06-30,7.2305,GHS,M,IMF,GH,Ghana
2022-07-31,7.612,GHS,M,IMF,GH,Ghana
2022-08-31,8.2325,GHS,M,IMF,GH,Ghana
2022-09-30,9.6048,GHS,M,IMF,GH,Ghana
2022-10-31,13.0086,GHS,M,IMF,GH,Ghana
2022-11-30,13.1044,GHS,M,IMF,GH,Ghana
2022-12-31,8.576,GHS,M,IMF,GH,Ghana
2023-01-31,10.7997,GHS,M,IMF,GH,Ghana
2023-02-28,11.0135,GHS,M,IMF,GH,Ghana
2023-03-31,11.0137,GHS,M,IMF,GH,Ghana
2023-04-30,10.9516,GHS,M,IMF,GH,Ghana
2023-05-31,10.9715,GHS,M,IMF,GH,Ghana
2023-06-30,10.9972,GHS,M,IMF,GH,Ghana
2023-07-31,11.0034,GHS,M,IMF,GH,Ghana
2023-08-31,11.02,GHS,M,IMF,GH,Ghana
2023-09-30,11.13,GHS,M,IMF,GH,Ghana
2023-10-31,11.4963,GHS,M,IMF,GH,Ghana
2023-11-30,11.6206,GHS,M,IMF,GH,Ghana
2023-12-31,11.88,GHS,M,IMF,GH,Ghana
2024-01-31,12.0356,GHS,M,IMF,GH,Ghana
2024-02-29,12.4642,GHS,M,IMF,GH,Ghana
2024-03-31,12.877,GHS,M,IMF,GH,Ghana
2024-04-30,13.2739,GHS,M,IMF,GH,Ghana
2024-05-31,14.1301,GHS,M,IMF,GH,Ghana
2024-06-30,14.586,GHS,M,IMF,GH,Ghana
2024-07-31,14.9009,GHS,M,IMF,GH,Ghana
2024-08-31,15.1899,GHS,M,IMF,GH,Ghana
2024-09-30,15.8,GHS,M,IMF,GH,Ghana
2024-10-31,16.3,GHS,M,IMF,GH,Ghana
2024-11-30,15.27,GHS,M,IMF,GH,Ghana
2024-12-31,14.7,GHS,M,IMF,GH,Ghana
2025-01-31,15.3001,GHS,M,IMF,GH,Ghana
2025-02-28,15.53,GHS,M,IMF,GH,Ghana
2025-03-31,15.53,GHS,M,IMF,GH,Ghana
2025-04-30,14.15,GHS,M,IMF,GH,Ghana
2025-05-31,10.28,GHS,M,IMF,GH,Ghana
2025-06-30,10.31,GHS,M,IMF,GH,Ghana
2025-07-31,10.5,GHS,M,IMF,GH,Ghana
2025-08-31,11.4,GHS,M,IMF,GH,Ghana
2025-09-30,12.42,GHS,M,IMF,GH,Ghana
2025-10-31,10.9,GHS,M,IMF,GH,Ghana
2025-11-30,11.27,GHS,M,IMF,GH,Ghana
2025-12-31,10.45,GHS,M,IMF,GH,Ghana
2026-01-31,10.95,GHS,M,IMF,GH,Ghana
2013-01-31,157.3,NGN,M,IMF,NG,Nigeria
2013-02-28,157.31,NGN,M,IMF,NG,Nigeria
2013-03-31,157.31,NGN,M,IMF,NG,Nigeria
2013-04-30,157.31,NGN,M,IMF,NG,Nigeria
2013-05-31,157.3,NGN,M,IMF,NG,Nigeria
2013-06-30,157.31,NGN,M,IMF,NG,Nigeria
2013-07-31,157.32,NGN,M,IMF,NG,Nigeria
2013-08-31,157.32,NGN,M,IMF,NG,Nigeria
2013-09-30,157.31,NGN,M,IMF,NG,Nigeria
2013-10-31,157.36,NGN,M,IMF,NG,Nigeria
2013-11-30,157.28,NGN,M,IMF,NG,Nigeria
2013-12-31,157.26,NGN,M,IMF,NG,Nigeria
2014-01-31,157.31,NGN,M,IMF,NG,Nigeria
2014-02-28,157.31,NGN,M,IMF,NG,Nigeria
2014-03-31,157.3,NGN,M,IMF,NG,Nigeria
2014-04-30,157.29,NGN,M,IMF,NG,Nigeria
2014-05-31,157.29,NGN,M,IMF,NG,Nigeria
2014-06-30,157.29,NGN,M,IMF,NG,Nigeria
2014-07-31,157.29,NGN,M,IMF,NG,Nigeria
2014-08-31,157.29,NGN,M,IMF,NG,Nigeria
2014-09-30,157.31,NGN,M,IMF,NG,Nigeria
2014-10-31,157.32,NGN,M,IMF,NG,Nigeria
2014-11-30,166.65,NGN,M,IMF,NG,Nigeria
2014-12-31,169.68,NGN,M,IMF,NG,Nigeria
2015-01-31,169.68,NGN,M,IMF,NG,Nigeria
2015-02-28,169.68,NGN,M,IMF,NG,Nigeria
2015-03-31,197.0,NGN,M,IMF,NG,Nigeria
2015-04-30,197.0,NGN,M,IMF,NG,Nigeria
2015-05-31,197.0,NGN,M,IMF,NG,Nigeria
2015-06-30,196.95,NGN,M,IMF,NG,Nigeria
2015-07-31,197.0,NGN,M,IMF,NG,Nigeria
2015-08-31,197.0,NGN,M,IMF,NG,Nigeria
2015-09-30,196.95,NGN,M,IMF,NG,Nigeria
2015-10-31,197.0,NGN,M,IMF,NG,Nigeria
2015-11-30,197.0,NGN,M,IMF,NG,Nigeria
2015-12-31,197.0,NGN,M,IMF,NG,Nigeria
2016-01-31,197.0,NGN,M,IMF,NG,Nigeria
2016-02-29,197.0,NGN,M,IMF,NG,Nigeria
2016-03-31,197.0,NGN,M,IMF,NG,Nigeria
2016-04-30,197.0,NGN,M,IMF,NG,Nigeria
2016-05-31,197.0,NGN,M,IMF,NG,Nigeria
2016-06-30,283.0,NGN,M,IMF,NG,Nigeria
2016-07-31,313.0,NGN,M,IMF,NG,Nigeria
2016-08-31,306.0,NGN,M,IMF,NG,Nigeria
2016-09-30,305.25,NGN,M,IMF,NG,Nigeria
2016-10-31,305.0,NGN,M,IMF,NG,Nigeria
2016-11-30,305.0,NGN,M,IMF,NG,Nigeria
2016-12-31,305.0,NGN,M,IMF,NG,Nigeria
2017-01-31,305.25,NGN,M,IMF,NG,Nigeria
2017-02-28,305.5,NGN,M,IMF,NG,Nigeria
2017-03-31,306.35,NGN,M,IMF,NG,Nigeria
2017-04-30,305.85,NGN,M,IMF,NG,Nigeria
2017-05-31,305.4,NGN,M,IMF,NG,Nigeria
2017-06-30,305.9,NGN,M,IMF,NG,Nigeria
2017-07-31,305.65,NGN,M,IMF,NG,Nigeria
2017-08-31,305.85,NGN,M,IMF,NG,Nigeria
2017-09-30,305.75,NGN,M,IMF,NG,Nigeria
2017-10-31,305.8,NGN,M,IMF,NG,Nigeria
2017-11-30,306.0,NGN,M,IMF,NG,Nigeria
2017-12-31,306.0,NGN,M,IMF,NG,Nigeria
2018-01-31,305.7,NGN,M,IMF,NG,Nigeria
2018-02-28,305.9,NGN,M,IMF,NG,Nigeria
2018-03-31,305.65,NGN,M,IMF,NG,Nigeria
2018-04-30,305.7,NGN,M,IMF,NG,Nigeria
2018-05-31,305.95,NGN,M,IMF,NG,Nigeria
2018-06-30,305.75,NGN,M,IMF,NG,Nigeria
2018-07-31,305.9,NGN,M,IMF,NG,Nigeria
2018-08-31,306.15,NGN,M,IMF,NG,Nigeria
2018-09-30,306.35,NGN,M,IMF,NG,Nigeria
2018-10-31,306.6,NGN,M,IMF,NG,Nigeria
2018-11-30,306.8,NGN,M,IMF,NG,Nigeria
2018-12-31,307.0,NGN,M,IMF,NG,Nigeria
2019-01-31,306.75,NGN,M,IMF,NG,Nigeria
2019-02-28,306.85,NGN,M,IMF,NG,Nigeria
2019-03-31,306.95,NGN,M,IMF,NG,Nigeria
2019-04-30,306.95,NGN,M,IMF,NG,Nigeria
2019-05-31,306.95,NGN,M,IMF,NG,Nigeria
2019-06-30,306.9,NGN,M,IMF,NG,Nigeria
2019-07-31,306.85,NGN,M,IMF,NG,Nigeria
2019-08-31,307.0,NGN,M,IMF,NG,Nigeria
2019-09-30,307.0,NGN,M,IMF,NG,Nigeria
2019-10-31,307.0,NGN,M,IMF,NG,Nigeria
2019-11-30,307.0,NGN,M,IMF,NG,Nigeria
2019-12-31,307.0,NGN,M,IMF,NG,Nigeria
2020-01-31,307.0,NGN,M,IMF,NG,Nigeria
2020-02-29,306.95,NGN,M,IMF,NG,Nigeria
2020-03-31,361.0,NGN,M,IMF,NG,Nigeria
2020-04-30,361.0,NGN,M,IMF,NG,Nigeria
2020-05-31,361.0,NGN,M,IMF,NG,Nigeria
2020-06-30,361.0,NGN,M,IMF,NG,Nigeria
2020-07-31,381.0,NGN,M,IMF,NG,Nigeria
2020-08-31,381.0,NGN,M,IMF,NG,Nigeria
2020-09-30,381.0,NGN,M,IMF,NG,Nigeria
2020-10-31,381.0,NGN,M,IMF,NG,Nigeria
2020-11-30,381.0,NGN,M,IMF,NG,Nigeria
2020-12-31,381.0,NGN,M,IMF,NG,Nigeria
2021-01-31,381.0,NGN,M,IMF,NG,Nigeria
2021-02-28,381.0,NGN,M,IMF,NG,Nigeria
2021-03-31,381.0,NGN,M,IMF,NG,Nigeria
2021-04-30,381.0,NGN,M,IMF,NG,Nigeria
2021-05-31,410.75,NGN,M,IMF,NG,Nigeria
2021-06-30,410.12,NGN,M,IMF,NG,Nigeria
2021-07-31,410.12,NGN,M,IMF,NG,Nigeria
2021-08-31,410.39,NGN,M,IMF,NG,Nigeria
2021-09-30,410.8,NGN,M,IMF,NG,Nigeria
2021-10-31,411.25,NGN,M,IMF,NG,Nigeria
2021-11-30,410.0,NGN,M,IMF,NG,Nigeria
2021-12-31,435.0,NGN,M,IMF,NG,Nigeria
2022-01-31,412.0,NGN,M,IMF,NG,Nigeria
2022-02-28,417.0,NGN,M,IMF,NG,Nigeria
2022-03-31,416.0,NGN,M,IMF,NG,Nigeria
2022-04-30,415.0,NGN,M,IMF,NG,Nigeria
2022-05-31,417.0,NGN,M,IMF,NG,Nigeria
2022-06-30,414.0,NGN,M,IMF,NG,Nigeria
2022-07-31,426.0,NGN,M,IMF,NG,Nigeria
2022-08-31,430.0,NGN,M,IMF,NG,Nigeria
2022-09-30,435.1,NGN,M,IMF,NG,Nigeria
2022-10-31,441.0,NGN,M,IMF,NG,Nigeria
2022-11-30,446.0,NGN,M,IMF,NG,Nigeria
2022-12-31,460.0,NGN,M,IMF,NG,Nigeria
2023-01-31,461.5,NGN,M,IMF,NG,Nigeria
2023-02-28,460.0,NGN,M,IMF,NG,Nigeria
2023-03-31,461.0,NGN,M,IMF,NG,Nigeria
2023-04-30,460.1,NGN,M,IMF,NG,Nigeria
2023-05-31,466.0,NGN,M,IMF,NG,Nigeria
2023-06-30,770.88,NGN,M,IMF,NG,Nigeria
2023-07-31,758.022,NGN,M,IMF,NG,Nigeria
2023-08-31,757.52,NGN,M,IMF,NG,Nigeria
2023-09-30,769.26,NGN,M,IMF,NG,Nigeria
2023-10-31,825.49,NGN,M,IMF,NG,Nigeria
2023-11-30,942.617,NGN,M,IMF,NG,Nigeria
2023-12-31,899.893,NGN,M,IMF,NG,Nigeria
2024-01-31,1357.383,NGN,M,IMF,NG,Nigeria
2024-02-29,1544.581,NGN,M,IMF,NG,Nigeria
2024-03-31,1330.76,NGN,M,IMF,NG,Nigeria
2024-04-30,1330.205,NGN,M,IMF,NG,Nigeria
2024-05-31,1483.482,NGN,M,IMF,NG,Nigeria
2024-06-30,1470.691,NGN,M,IMF,NG,Nigeria
2024-07-31,1611.71,NGN,M,IMF,NG,Nigeria
2024-08-31,1596.64,NGN,M,IMF,NG,Nigeria
2024-09-30,1601.53,NGN,M,IMF,NG,Nigeria
2024-10-31,1670.47,NGN,M,IMF,NG,Nigeria
2024-11-30,1663.896,NGN,M,IMF,NG,Nigeria
2024-12-31,1535.82,NGN,M,IMF,NG,Nigeria
2025-01-31,1478.22,NGN,M,IMF,NG,Nigeria
2025-02-28,1492.491,NGN,M,IMF,NG,Nigeria
2025-03-31,1536.82,NGN,M,IMF,NG,Nigeria
2025-04-30,1596.6891,NGN,M,IMF,NG,Nigeria
2025-05-31,1586.1524,NGN,M,IMF,NG,Nigeria
2025-06-30,1529.7105,NGN,M,IMF,NG,Nigeria
2025-07-31,1533.55,NGN,M,IMF,NG,Nigeria
2025-08-31,1530.5703,NGN,M,IMF,NG,Nigeria
2025-09-30,1475.3473,NGN,M,IMF,NG,Nigeria
2025-10-31,1421.7343,NGN,M,IMF,NG,Nigeria
2025-11-30,1446.7421,NGN,M,IMF,NG,Nigeria
2025-12-31,1435.7571,NGN,M,IMF,NG,Nigeria
2013-01-31,1584.16,TZS,M,IMF,TZ,"Tanzania, United Republic of"
2013-02-28,1587.52,TZS,M,IMF,TZ,"Tanzania, United Republic of"
2013-03-31,1590.52,TZS,M,IMF,TZ,"Tanzania, United Republic of"
2013-04-30,1591.04,TZS,M,IMF,TZ,"Tanzania, United Republic of"
2013-05-31,1599.37,TZS,M,IMF,TZ,"Tanzania, United Republic of"
2013-06-30,1602.66,TZS,M,IMF,TZ,"Tanzania, United Republic of"
2013-07-31,1613.14,TZS,M,IMF,TZ,"Tanzania, United Republic of"
2013-08-31,1610.91,TZS,M,IMF,TZ,"Tanzania, United Republic of"
2013-09-30,1604.88,TZS,M,IMF,TZ,"Tanzania, United Republic of"
2013-10-31,1601.65,TZS,M,IMF,TZ,"Tanzania, United Republic of"
2013-11-30,1607.13,TZS,M,IMF,TZ,"Tanzania, United Republic of"
2013-12-31,1578.57,TZS,M,IMF,TZ,"Tanzania, United Republic of"
2014-01-31,1616.75,TZS,M,IMF,TZ,"Tanzania, United Republic of"
2014-02-28,1620.4,TZS,M,IMF,TZ,"Tanzania, United Republic of"
2014-03-31,1629.6,TZS,M,IMF,TZ,"Tanzania, United Republic of"
2014-04-30,1634.99,TZS,M,IMF,TZ,"Tanzania, United Republic of"
2014-05-31,1645.85,TZS,M,IMF,TZ,"Tanzania, United Republic of"
2014-06-30,1649.67,TZS,M,IMF,TZ,"Tanzania, United Republic of"
2014-07-31,1654.82,TZS,M,IMF,TZ,"Tanzania, United Republic of"
2014-08-31,1660.57,TZS,M,IMF,TZ,"Tanzania, United Republic of"
2014-09-30,1665.07,TZS,M,IMF,TZ,"Tanzania, United Republic of"
2014-10-31,1683.39,TZS,M,IMF,TZ,"Tanzania, United Republic of"
2014-11-30,1727.89,TZS,M,IMF,TZ,"Tanzania, United Republic of"
2014-12-31,1725.78,TZS,M,IMF,TZ,"Tanzania, United Republic of"
2015-01-31,1781.99,TZS,M,IMF,TZ,"Tanzania, United Republic of"
2015-02-28,1781.46,TZS,M,IMF,TZ,"Tanzania, United Republic of"
2015-03-31,1788.06,TZS,M,IMF,TZ,"Tanzania, United Republic of"
2015-04-30,1829.0,TZS,M,IMF,TZ,"Tanzania, United Republic of"
2015-05-31,1997.15,TZS,M,IMF,TZ,"Tanzania, United Republic of"
2015-06-30,2020.35,TZS,M,IMF,TZ,"Tanzania, United Republic of"
2015-07-31,2086.44,TZS,M,IMF,TZ,"Tanzania, United Republic of"
2015-08-31,2133.76,TZS,M,IMF,TZ,"Tanzania, United Republic of"
2015-09-30,2149.03,TZS,M,IMF,TZ,"Tanzania, United Republic of"
2015-10-31,2166.33,TZS,M,IMF,TZ,"Tanzania, United Republic of"
2015-11-30,2149.11,TZS,M,IMF,TZ,"Tanzania, United Republic of"
2015-12-31,2148.52,TZS,M,IMF,TZ,"Tanzania, United Republic of"
2016-01-31,2177.26,TZS,M,IMF,TZ,"Tanzania, United Republic of"
2016-02-29,2179.54,TZS,M,IMF,TZ,"Tanzania, United Republic of"
2016-03-31,2179.6,TZS,M,IMF,TZ,"Tanzania, United Republic of"
2016-04-30,2178.9,TZS,M,IMF,TZ,"Tanzania, United Republic of"
2016-05-31,2182.29,TZS,M,IMF,TZ,"Tanzania, United Republic of"
2016-06-30,2178.86,TZS,M,IMF,TZ,"Tanzania, United Republic of"
2016-07-31,2179.01,TZS,M,IMF,TZ,"Tanzania, United Republic of"
2016-08-31,2176.51,TZS,M,IMF,TZ,"Tanzania, United Republic of"
2016-09-30,2175.32,TZS,M,IMF,TZ,"Tanzania, United Republic of"
2016-10-31,2175.12,TZS,M,IMF,TZ,"Tanzania, United Republic of"
2016-11-30,2170.97,TZS,M,IMF,TZ,"Tanzania, United Republic of"
2016-12-31,2172.62,TZS,M,IMF,TZ,"Tanzania, United Republic of"
2017-01-31,2221.96,TZS,M,IMF,TZ,"Tanzania, United Republic of"
2017-02-28,2226.32,TZS,M,IMF,TZ,"Tanzania, United Republic of"
2017-03-31,2223.92,TZS,M,IMF,TZ,"Tanzania, United Republic of"
2017-04-30,2227.31,TZS,M,IMF,TZ,"Tanzania, United Republic of"
2017-05-31,2229.48,TZS,M,IMF,TZ,"Tanzania, United Republic of"
2017-06-30,2230.14,TZS,M,IMF,TZ,"Tanzania, United Republic of"
2017-07-31,2231.59,TZS,M,IMF,TZ,"Tanzania, United Republic of"
2017-08-31,2234.88,TZS,M,IMF,TZ,"Tanzania, United Republic of"
2017-09-30,2237.77,TZS,M,IMF,TZ,"Tanzania, United Republic of"
2017-10-31,2237.78,TZS,M,IMF,TZ,"Tanzania, United Republic of"
2017-11-30,2232.67,TZS,M,IMF,TZ,"Tanzania, United Republic of"
2017-12-31,2230.07,TZS,M,IMF,TZ,"Tanzania, United Republic of"
2018-01-31,2238.75,TZS,M,IMF,TZ,"Tanzania, United Republic of"
2018-02-28,2244.76,TZS,M,IMF,TZ,"Tanzania, United Republic of"
2018-03-31,2248.62,TZS,M,IMF,TZ,"Tanzania, United Republic of"
2018-04-30,2262.38,TZS,M,IMF,TZ,"Tanzania, United Republic of"
2018-05-31,2265.54,TZS,M,IMF,TZ,"Tanzania, United Republic of"
2018-06-30,2266.43,TZS,M,IMF,TZ,"Tanzania, United Republic of"
2018-07-31,2271.33,TZS,M,IMF,TZ,"Tanzania, United Republic of"
2018-08-31,2274.91,TZS,M,IMF,TZ,"Tanzania, United Republic of"
2018-09-30,2277.46,TZS,M,IMF,TZ,"Tanzania, United Republic of"
2018-10-31,2279.48,TZS,M,IMF,TZ,"Tanzania, United Republic of"
2018-11-30,2278.77,TZS,M,IMF,TZ,"Tanzania, United Republic of"
2018-12-31,2281.23,TZS,M,IMF,TZ,"Tanzania, United Republic of"
2019-01-31,2283.53,TZS,M,IMF,TZ,"Tanzania, United Republic of"
2019-02-28,2288.99,TZS,M,IMF,TZ,"Tanzania, United Republic of"
2019-03-31,2289.5,TZS,M,IMF,TZ,"Tanzania, United Republic of"
2019-04-30,2289.53,TZS,M,IMF,TZ,"Tanzania, United Republic of"
2019-05-31,2288.55,TZS,M,IMF,TZ,"Tanzania, United Republic of"
2019-06-30,2289.51,TZS,M,IMF,TZ,"Tanzania, United Republic of"
2019-07-31,2289.17,TZS,M,IMF,TZ,"Tanzania, United Republic of"
2019-08-31,2289.4,TZS,M,IMF,TZ,"Tanzania, United Republic of"
2019-09-30,2289.42,TZS,M,IMF,TZ,"Tanzania, United Republic of"
2019-10-31,2288.79,TZS,M,IMF,TZ,"Tanzania, United Republic of"
2019-11-30,2288.32,TZS,M,IMF,TZ,"Tanzania, United Republic of"
2019-12-31,2287.93,TZS,M,IMF,TZ,"Tanzania, United Republic of"
2020-01-31,2288.57,TZS,M,IMF,TZ,"Tanzania, United Republic of"
2020-02-29,2289.36,TZS,M,IMF,TZ,"Tanzania, United Republic of"
2020-03-31,2289.98702970297,TZS,M,IMF,TZ,"Tanzania, United Republic of"
2020-04-30,2291.30049504951,TZS,M,IMF,TZ,"Tanzania, United Republic of"
2020-05-31,2291.89752475248,TZS,M,IMF,TZ,"Tanzania, United Republic of"
2020-06-30,2297.52950495049,TZS,M,IMF,TZ,"Tanzania, United Republic of"
2020-07-31,2297.81806930693,TZS,M,IMF,TZ,"Tanzania, United Republic of"
2020-08-31,2297.58920792079,TZS,M,IMF,TZ,"Tanzania, United Republic of"
2020-09-30,2297.59915841584,TZS,M,IMF,TZ,"Tanzania, United Republic of"
2020-10-31,2297.68871287129,TZS,M,IMF,TZ,"Tanzania, United Republic of"
2020-11-30,2297.69866336634,TZS,M,IMF,TZ,"Tanzania, United Republic of"
2020-12-31,2298.46485148515,TZS,M,IMF,TZ,"Tanzania, United Republic of"
2021-01-31,2298.4549009901,TZS,M,IMF,TZ,"Tanzania, United Republic of"
2021-02-28,2298.5146039604,TZS,M,IMF,TZ,"Tanzania, United Republic of"
2021-03-31,2298.53450495049,TZS,M,IMF,TZ,"Tanzania, United Republic of"
2021-04-30,2298.52455445545,TZS,M,IMF,TZ,"Tanzania, United Republic of"
2021-05-31,2298.61410891089,TZS,M,IMF,TZ,"Tanzania, United Republic of"
2021-06-30,2299.01212871287,TZS,M,IMF,TZ,"Tanzania, United Republic of"
2021-07-31,2299.22108910891,TZS,M,IMF,TZ,"Tanzania, United Republic of"
2021-08-31,2299.52955445545,TZS,M,IMF,TZ,"Tanzania, United Republic of"
2021-09-30,2296.90262376238,TZS,M,IMF,TZ,"Tanzania, United Republic of"
2021-10-31,2293.4697029703,TZS,M,IMF,TZ,"Tanzania, United Republic of"
2021-11-30,2293.45975247525,TZS,M,IMF,TZ,"Tanzania, United Republic of"
2021-12-31,2297.609109,TZS,M,IMF,TZ,"Tanzania, United Republic of"
2022-01-31,2298.11658415842,TZS,M,IMF,TZ,"Tanzania, United Republic of"
2022-02-28,2298.30564356436,TZS,M,IMF,TZ,"Tanzania, United Republic of"
2022-03-31,2298.55440594059,TZS,M,IMF,TZ,"Tanzania, United Republic of"
2022-04-30,2298.88277227723,TZS,M,IMF,TZ,"Tanzania, United Republic of"
2022-05-31,2300.82311881188,TZS,M,IMF,TZ,"Tanzania, United Republic of"
2022-06-30,2304.4450990099,TZS,M,IMF,TZ,"Tanzania, United Republic of"
2022-07-31,2304.4450990099,TZS,M,IMF,TZ,"Tanzania, United Republic of"
2022-08-31,2305.21128712871,TZS,M,IMF,TZ,"Tanzania, United Republic of"
2022-09-30,2307.94,TZS,M,IMF,TZ,"Tanzania, United Republic of"
2022-10-31,2308.255,TZS,M,IMF,TZ,"Tanzania, United Republic of"
2022-11-30,2308.525,TZS,M,IMF,TZ,"Tanzania, United Republic of"
2022-12-31,2308.895,TZS,M,IMF,TZ,"Tanzania, United Republic of"
2023-01-31,2309.33,TZS,M,IMF,TZ,"Tanzania, United Republic of"
2023-02-28,2309.88,TZS,M,IMF,TZ,"Tanzania, United Republic of"
2023-03-31,2311.44,TZS,M,IMF,TZ,"Tanzania, United Republic of"
2023-04-30,2313.46,TZS,M,IMF,TZ,"Tanzania, United Republic of"
2023-05-31,2319.21,TZS,M,IMF,TZ,"Tanzania, United Republic of"
2023-06-30,2327.52,TZS,M,IMF,TZ,"Tanzania, United Republic of"
2023-07-31,2383.145,TZS,M,IMF,TZ,"Tanzania, United Republic of"
2023-08-31,2443.82,TZS,M,IMF,TZ,"Tanzania, United Republic of"
2023-09-30,2481.765,TZS,M,IMF,TZ,"Tanzania, United Republic of"
2023-10-31,2480.935,TZS,M,IMF,TZ,"Tanzania, United Republic of"
2023-11-30,2509.185,TZS,M,IMF,TZ,"Tanzania, United Republic of"
2023-12-31,2506.03,TZS,M,IMF,TZ,"Tanzania, United Republic of"
2024-01-31,2517.275,TZS,M,IMF,TZ,"Tanzania, United Republic of"
2024-02-29,2543.235,TZS,M,IMF,TZ,"Tanzania, United Republic of"
2024-03-31,2556.94,TZS,M,IMF,TZ,"Tanzania, United Republic of"
2024-04-30,2572.66,TZS,M,IMF,TZ,"Tanzania, United Republic of"
2024-05-31,2600.85,TZS,M,IMF,TZ,"Tanzania, United Republic of"
2024-06-30,2626.93,TZS,M,IMF,TZ,"Tanzania, United Republic of"
2024-07-31,2673.865,TZS,M,IMF,TZ,"Tanzania, United Republic of"
2024-08-31,2681.66,TZS,M,IMF,TZ,"Tanzania, United Republic of"
2024-09-30,2718.475,TZS,M,IMF,TZ,"Tanzania, United Republic of"
2024-10-31,2693.13,TZS,M,IMF,TZ,"Tanzania, United Republic of"
2024-11-30,2620.57,TZS,M,IMF,TZ,"Tanzania, United Republic of"
2024-12-31,2394.755,TZS,M,IMF,TZ,"Tanzania, United Republic of"
2025-01-31,2486.64,TZS,M,IMF,TZ,"Tanzania, United Republic of"
2025-02-28,2581.29,TZS,M,IMF,TZ,"Tanzania, United Republic of"
2025-03-31,2649.975,TZS,M,IMF,TZ,"Tanzania, United Republic of"
2025-04-30,2679.2,TZS,M,IMF,TZ,"Tanzania, United Republic of"
2013-01-31,2665.175,UGX,M,IMF,UG,Uganda
2013-02-28,2643.675,UGX,M,IMF,UG,Uganda
2013-03-31,2594.77,UGX,M,IMF,UG,Uganda
2013-04-30,2597.3455454361,UGX,M,IMF,UG,Uganda
2013-05-31,2594.5002321063,UGX,M,IMF,UG,Uganda
2013-06-30,2593.33125024803,UGX,M,IMF,UG,Uganda
2013-07-31,2584.12244337245,UGX,M,IMF,UG,Uganda
2013-08-31,2590.1889529637,UGX,M,IMF,UG,Uganda
2013-09-30,2561.03,UGX,M,IMF,UG,Uganda
2013-10-31,2524.03514414402,UGX,M,IMF,UG,Uganda
2013-11-30,2524.48769711124,UGX,M,IMF,UG,Uganda
2013-12-31,2527.95547939149,UGX,M,IMF,UG,Uganda
2014-01-31,2475.2,UGX,M,IMF,UG,Uganda
2014-02-28,2538.06546999496,UGX,M,IMF,UG,Uganda
2014-03-31,2549.54874617274,UGX,M,IMF,UG,Uganda
2014-04-30,2521.35166666667,UGX,M,IMF,UG,Uganda
2014-05-31,2557.72060679643,UGX,M,IMF,UG,Uganda
2014-06-30,2599.68,UGX,M,IMF,UG,Uganda
2014-07-31,2625.2,UGX,M,IMF,UG,Uganda
2014-08-31,2616.995,UGX,M,IMF,UG,Uganda
2014-09-30,2651.60655661537,UGX,M,IMF,UG,Uganda
2014-10-31,2707.33,UGX,M,IMF,UG,Uganda
2014-11-30,2779.945,UGX,M,IMF,UG,Uganda
2014-12-31,2773.065,UGX,M,IMF,UG,Uganda
2015-01-31,2866.77,UGX,M,IMF,UG,Uganda
2015-02-28,2894.18,UGX,M,IMF,UG,Uganda
2015-03-31,2970.63,UGX,M,IMF,UG,Uganda
2015-04-30,2987.47,UGX,M,IMF,UG,Uganda
2015-05-31,3054.29,UGX,M,IMF,UG,Uganda
2015-06-30,3301.77,UGX,M,IMF,UG,Uganda
2015-07-31,3425.81,UGX,M,IMF,UG,Uganda
2015-08-31,3658.39,UGX,M,IMF,UG,Uganda
2015-09-30,3695.25,UGX,M,IMF,UG,Uganda
2015-10-31,3560.19,UGX,M,IMF,UG,Uganda
2015-11-30,3357.12,UGX,M,IMF,UG,Uganda
2015-12-31,3377.01,UGX,M,IMF,UG,Uganda
2016-01-31,3479.55,UGX,M,IMF,UG,Uganda
2016-02-29,3348.55072463768,UGX,M,IMF,UG,Uganda
2016-03-31,3374.4347826087,UGX,M,IMF,UG,Uganda
2016-04-30,3325.55,UGX,M,IMF,UG,Uganda
2016-05-31,3364.52173913043,UGX,M,IMF,UG,Uganda
2016-06-30,3404.86111111111,UGX,M,IMF,UG,Uganda
2016-07-31,3375.63,UGX,M,IMF,UG,Uganda
2016-08-31,3375.64,UGX,M,IMF,UG,Uganda
2016-09-30,3388.56,UGX,M,IMF,UG,Uganda
2016-10-31,3465.15,UGX,M,IMF,UG,Uganda
2016-11-30,3630.22222222222,UGX,M,IMF,UG,Uganda
2016-12-31,3610.5,UGX,M,IMF,UG,Uganda
2017-01-31,3588.51,UGX,M,IMF,UG,Uganda
2017-02-28,3586.69,UGX,M,IMF,UG,Uganda
2017-03-31,3614.19,UGX,M,IMF,UG,Uganda
2017-04-30,3644.63,UGX,M,IMF,UG,Uganda
2017-05-31,3602.63,UGX,M,IMF,UG,Uganda
2017-06-30,3590.9,UGX,M,IMF,UG,Uganda
2017-07-31,3610.88,UGX,M,IMF,UG,Uganda
2017-08-31,3600.38,UGX,M,IMF,UG,Uganda
2017-09-30,3603.08,UGX,M,IMF,UG,Uganda
2017-10-31,3650.53,UGX,M,IMF,UG,Uganda
2017-11-30,3634.53,UGX,M,IMF,UG,Uganda
2017-12-31,3635.08,UGX,M,IMF,UG,Uganda
2018-01-31,3625.21,UGX,M,IMF,UG,Uganda
2018-02-28,3645.99,UGX,M,IMF,UG,Uganda
2018-03-31,3686.89,UGX,M,IMF,UG,Uganda
2018-04-30,3713.22,UGX,M,IMF,UG,Uganda
2018-05-31,3768.34722222222,UGX,M,IMF,UG,Uganda
2018-06-30,3879.54,UGX,M,IMF,UG,Uganda
2018-07-31,3701.42,UGX,M,IMF,UG,Uganda
2018-08-31,3759.99,UGX,M,IMF,UG,Uganda
2018-09-30,3822.14,UGX,M,IMF,UG,Uganda
2018-10-31,3759.17,UGX,M,IMF,UG,Uganda
2018-11-30,3725.39,UGX,M,IMF,UG,Uganda
2018-12-31,3713.35,UGX,M,IMF,UG,Uganda
2019-01-31,3672.11,UGX,M,IMF,UG,Uganda
2019-02-28,3694.79,UGX,M,IMF,UG,Uganda
2019-03-31,3715.13,UGX,M,IMF,UG,Uganda
2019-04-30,3747.18,UGX,M,IMF,UG,Uganda
2019-05-31,3758.9,UGX,M,IMF,UG,Uganda
2019-06-30,3694.76,UGX,M,IMF,UG,Uganda
2019-07-31,3700.76,UGX,M,IMF,UG,Uganda
2019-08-31,3689.49,UGX,M,IMF,UG,Uganda
2019-09-30,3684.235,UGX,M,IMF,UG,Uganda
2019-10-31,3711.19,UGX,M,IMF,UG,Uganda
2019-11-30,3699.38,UGX,M,IMF,UG,Uganda
2019-12-31,3665.20833333333,UGX,M,IMF,UG,Uganda
2020-01-31,3679.67,UGX,M,IMF,UG,Uganda
2020-02-29,3714.31,UGX,M,IMF,UG,Uganda
2020-03-31,3796.43,UGX,M,IMF,UG,Uganda
2020-04-30,3807.0,UGX,M,IMF,UG,Uganda
2020-05-31,3784.81,UGX,M,IMF,UG,Uganda
2020-06-30,3730.14,UGX,M,IMF,UG,Uganda
2020-07-31,3686.42,UGX,M,IMF,UG,Uganda
2020-08-31,3678.16,UGX,M,IMF,UG,Uganda
2020-09-30,3715.52,UGX,M,IMF,UG,Uganda
2020-10-31,3740.46,UGX,M,IMF,UG,Uganda
2020-11-30,3700.805,UGX,M,IMF,UG,Uganda
2020-12-31,3650.07,UGX,M,IMF,UG,Uganda
2021-01-31,3687.30217391304,UGX,M,IMF,UG,Uganda
2021-02-28,3665.49,UGX,M,IMF,UG,Uganda
2021-03-31,3663.93,UGX,M,IMF,UG,Uganda
2021-04-30,3578.14,UGX,M,IMF,UG,Uganda
2021-05-31,3545.74,UGX,M,IMF,UG,Uganda
2021-06-30,3556.71,UGX,M,IMF,UG,Uganda
2021-07-31,3549.91,UGX,M,IMF,UG,Uganda
2021-08-31,3535.13,UGX,M,IMF,UG,Uganda
2021-09-30,3542.67,UGX,M,IMF,UG,Uganda
2021-10-31,3554.78,UGX,M,IMF,UG,Uganda
2021-11-30,3564.2,UGX,M,IMF,UG,Uganda
2021-12-31,3544.41,UGX,M,IMF,UG,Uganda
2022-01-31,3509.86,UGX,M,IMF,UG,Uganda
2022-02-28,3540.78,UGX,M,IMF,UG,Uganda
2022-03-31,3588.16,UGX,M,IMF,UG,Uganda
2022-04-30,3562.07,UGX,M,IMF,UG,Uganda
2022-05-31,3775.86,UGX,M,IMF,UG,Uganda
2022-06-30,3756.65,UGX,M,IMF,UG,Uganda
2022-07-31,3862.43,UGX,M,IMF,UG,Uganda
2022-08-31,3803.68,UGX,M,IMF,UG,Uganda
2022-09-30,3853.96,UGX,M,IMF,UG,Uganda
2022-10-31,3802.26,UGX,M,IMF,UG,Uganda
2022-11-30,3741.86,UGX,M,IMF,UG,Uganda
2022-12-31,3715.69,UGX,M,IMF,UG,Uganda
2023-01-31,3685.03,UGX,M,IMF,UG,Uganda
2023-02-28,3722.21,UGX,M,IMF,UG,Uganda
2023-03-31,3778.13,UGX,M,IMF,UG,Uganda
2023-04-30,3735.25,UGX,M,IMF,UG,Uganda
2023-05-31,3772.4,UGX,M,IMF,UG,Uganda
2023-06-30,3667.39,UGX,M,IMF,UG,Uganda
2023-07-31,3615.14,UGX,M,IMF,UG,Uganda
2023-08-31,3718.31,UGX,M,IMF,UG,Uganda
2023-09-30,3757.31,UGX,M,IMF,UG,Uganda
2023-10-31,3780.78,UGX,M,IMF,UG,Uganda
2023-11-30,3817.26388888889,UGX,M,IMF,UG,Uganda
2023-12-31,3782.22222222222,UGX,M,IMF,UG,Uganda
2024-01-31,3815.54166666667,UGX,M,IMF,UG,Uganda
2024-02-29,3932.25,UGX,M,IMF,UG,Uganda
2024-03-31,3885.0,UGX,M,IMF,UG,Uganda
2024-04-30,3813.20833333333,UGX,M,IMF,UG,Uganda
2024-05-31,3812.375,UGX,M,IMF,UG,Uganda
2024-06-30,3706.72222222222,UGX,M,IMF,UG,Uganda
2024-07-31,3722.90909090909,UGX,M,IMF,UG,Uganda
2024-08-31,3716.06,UGX,M,IMF,UG,Uganda
2024-09-30,3690.04545454545,UGX,M,IMF,UG,Uganda
2024-10-31,3662.05,UGX,M,IMF,UG,Uganda
2024-11-30,3688.86,UGX,M,IMF,UG,Uganda
2024-12-31,3681.13636363636,UGX,M,IMF,UG,Uganda
2025-01-31,3684.76,UGX,M,IMF,UG,Uganda
2025-02-28,3678.81909090909,UGX,M,IMF,UG,Uganda
2025-03-31,3661.62,UGX,M,IMF,UG,Uganda
2025-04-30,3664.66840909091,UGX,M,IMF,UG,Uganda
2025-05-31,3631.81886363636,UGX,M,IMF,UG,Uganda
2025-06-30,3594.59045454545,UGX,M,IMF,UG,Uganda
2025-07-31,3585.02,UGX,M,IMF,UG,Uganda
2025-08-31,3550.36,UGX,M,IMF,UG,Uganda
2025-09-30,3490.0,UGX,M,IMF,UG,Uganda
2025-10-31,3478.95,UGX,M,IMF,UG,Uganda
2025-11-30,3630.09,UGX,M,IMF,UG,Uganda
2025-12-31,3619.65,UGX,M,IMF,UG,Uganda
2026-01-31,3563.18136363636,UGX,M,IMF,UG,Uganda
2013-01-31,20828.0,VND,M,IMF,VN,Vietnam
2013-02-28,20828.0,VND,M,IMF,VN,Vietnam
2013-03-31,20828.0,VND,M,IMF,VN,Vietnam
2013-04-30,20828.0,VND,M,IMF,VN,Vietnam
2013-05-31,20828.0,VND,M,IMF,VN,Vietnam
2013-06-30,21036.0,VND,M,IMF,VN,Vietnam
2013-07-31,21036.0,VND,M,IMF,VN,Vietnam
2013-08-31,21036.0,VND,M,IMF,VN,Vietnam
2013-09-30,21036.0,VND,M,IMF,VN,Vietnam
2013-10-31,21036.0,VND,M,IMF,VN,Vietnam
2013-11-30,21036.0,VND,M,IMF,VN,Vietnam
2013-12-31,21036.0,VND,M,IMF,VN,Vietnam
2014-01-31,21036.0,VND,M,IMF,VN,Vietnam
2014-02-28,21036.0,VND,M,IMF,VN,Vietnam
2014-03-31,21036.0,VND,M,IMF,VN,Vietnam
2014-04-30,21036.0,VND,M,IMF,VN,Vietnam
2014-05-31,21036.0,VND,M,IMF,VN,Vietnam
2014-06-30,21246.0,VND,M,IMF,VN,Vietnam
2014-07-31,21246.0,VND,M,IMF,VN,Vietnam
2014-08-31,21246.0,VND,M,IMF,VN,Vietnam
2014-09-30,21246.0,VND,M,IMF,VN,Vietnam
2014-10-31,21246.0,VND,M,IMF,VN,Vietnam
2014-11-30,21246.0,VND,M,IMF,VN,Vietnam
2014-12-31,21246.0,VND,M,IMF,VN,Vietnam
2015-01-31,21485.0,VND,M,IMF,VN,Vietnam
2015-02-28,21485.0,VND,M,IMF,VN,Vietnam
2015-03-31,21485.0,VND,M,IMF,VN,Vietnam
2015-04-30,21485.0,VND,M,IMF,VN,Vietnam
2015-05-31,21673.0,VND,M,IMF,VN,Vietnam
2015-06-30,21673.0,VND,M,IMF,VN,Vietnam
2015-07-31,21890.0,VND,M,IMF,VN,Vietnam
2015-08-31,21890.0,VND,M,IMF,VN,Vietnam
2015-09-30,21890.0,VND,M,IMF,VN,Vietnam
2015-10-31,21890.0,VND,M,IMF,VN,Vietnam
2015-11-30,21890.0,VND,M,IMF,VN,Vietnam
2015-12-31,21890.0,VND,M,IMF,VN,Vietnam
2016-01-31,21881.0,VND,M,IMF,VN,Vietnam
2016-02-29,21914.0,VND,M,IMF,VN,Vietnam
2016-03-31,21857.0,VND,M,IMF,VN,Vietnam
2016-04-30,21842.0,VND,M,IMF,VN,Vietnam
2016-05-31,21939.0,VND,M,IMF,VN,Vietnam
2016-06-30,21873.0,VND,M,IMF,VN,Vietnam
2016-07-31,21862.0,VND,M,IMF,VN,Vietnam
2016-08-31,21921.0,VND,M,IMF,VN,Vietnam
2016-09-30,21949.0,VND,M,IMF,VN,Vietnam
2016-10-31,22039.0,VND,M,IMF,VN,Vietnam
2016-11-30,22118.0,VND,M,IMF,VN,Vietnam
2016-12-31,22159.0,VND,M,IMF,VN,Vietnam
2017-01-31,22202.0,VND,M,IMF,VN,Vietnam
2017-02-28,22232.0,VND,M,IMF,VN,Vietnam
2017-03-31,22276.0,VND,M,IMF,VN,Vietnam
2017-04-30,22350.0,VND,M,IMF,VN,Vietnam
2017-05-31,22396.0,VND,M,IMF,VN,Vietnam
2017-06-30,22431.0,VND,M,IMF,VN,Vietnam
2017-07-31,22432.0,VND,M,IMF,VN,Vietnam
2017-08-31,22443.0,VND,M,IMF,VN,Vietnam
2017-09-30,22470.0,VND,M,IMF,VN,Vietnam
2017-10-31,22471.0,VND,M,IMF,VN,Vietnam
2017-11-30,22433.0,VND,M,IMF,VN,Vietnam
2017-12-31,22425.0,VND,M,IMF,VN,Vietnam
2018-01-31,22441.0,VND,M,IMF,VN,Vietnam
2018-02-28,22463.0,VND,M,IMF,VN,Vietnam
2018-03-31,22458.0,VND,M,IMF,VN,Vietnam
2018-04-30,22539.0,VND,M,IMF,VN,Vietnam
2018-05-31,22595.0,VND,M,IMF,VN,Vietnam
2018-06-30,22650.0,VND,M,IMF,VN,Vietnam
2018-07-31,22669.0,VND,M,IMF,VN,Vietnam
2018-08-31,22678.0,VND,M,IMF,VN,Vietnam
2018-09-30,22714.0,VND,M,IMF,VN,Vietnam
2018-10-31,22726.0,VND,M,IMF,VN,Vietnam
2018-11-30,22750.0,VND,M,IMF,VN,Vietnam
2018-12-31,22825.0,VND,M,IMF,VN,Vietnam
2019-01-31,22868.0,VND,M,IMF,VN,Vietnam
2019-02-28,22915.0,VND,M,IMF,VN,Vietnam
2019-03-31,22980.0,VND,M,IMF,VN,Vietnam
2019-04-30,23028.0,VND,M,IMF,VN,Vietnam
2019-05-31,23065.0,VND,M,IMF,VN,Vietnam
2019-06-30,23066.0,VND,M,IMF,VN,Vietnam
2019-07-31,23073.0,VND,M,IMF,VN,Vietnam
2019-08-31,23133.0,VND,M,IMF,VN,Vietnam
2019-09-30,23161.0,VND,M,IMF,VN,Vietnam
2019-10-31,23145.0,VND,M,IMF,VN,Vietnam
2019-11-30,23162.0,VND,M,IMF,VN,Vietnam
2019-12-31,23155.0,VND,M,IMF,VN,Vietnam
2020-01-31,23196.0,VND,M,IMF,VN,Vietnam
2020-02-29,23224.0,VND,M,IMF,VN,Vietnam
2020-03-31,23235.0,VND,M,IMF,VN,Vietnam
2020-04-30,23257.0,VND,M,IMF,VN,Vietnam
2020-05-31,23261.0,VND,M,IMF,VN,Vietnam
2020-06-30,23229.0,VND,M,IMF,VN,Vietnam
2020-07-31,23213.0,VND,M,IMF,VN,Vietnam
2020-08-31,23200.0,VND,M,IMF,VN,Vietnam
2020-09-30,23215.0,VND,M,IMF,VN,Vietnam
2020-10-31,23201.0,VND,M,IMF,VN,Vietnam
2020-11-30,23155.0,VND,M,IMF,VN,Vietnam
2020-12-31,23131.0,VND,M,IMF,VN,Vietnam
2021-01-31,23160.0,VND,M,IMF,VN,Vietnam
2021-02-28,23130.0,VND,M,IMF,VN,Vietnam
2021-03-31,23244.0,VND,M,IMF,VN,Vietnam
2021-04-30,23158.0,VND,M,IMF,VN,Vietnam
2021-05-31,23135.0,VND,M,IMF,VN,Vietnam
2021-06-30,23178.0,VND,M,IMF,VN,Vietnam
2021-07-31,23180.0,VND,M,IMF,VN,Vietnam
2021-08-31,23130.0,VND,M,IMF,VN,Vietnam
2021-09-30,23162.0,VND,M,IMF,VN,Vietnam
2021-10-31,23131.0,VND,M,IMF,VN,Vietnam
2021-11-30,23139.0,VND,M,IMF,VN,Vietnam
2021-12-31,23145.0,VND,M,IMF,VN,Vietnam
2022-01-31,23099.0,VND,M,IMF,VN,Vietnam
2022-02-28,23140.0,VND,M,IMF,VN,Vietnam
2022-03-31,23100.0,VND,M,IMF,VN,Vietnam
2022-04-30,23140.0,VND,M,IMF,VN,Vietnam
2022-05-31,23057.0,VND,M,IMF,VN,Vietnam
2022-06-30,23110.0,VND,M,IMF,VN,Vietnam
2022-07-31,23176.0,VND,M,IMF,VN,Vietnam
2022-08-31,23219.0,VND,M,IMF,VN,Vietnam
2022-09-30,23400.0,VND,M,IMF,VN,Vietnam
2022-10-31,23695.0,VND,M,IMF,VN,Vietnam
2022-11-30,23679.35,VND,M,IMF,VN,Vietnam
2022-12-31,23612.0,VND,M,IMF,VN,Vietnam
2023-01-31,23609.0,VND,M,IMF,VN,Vietnam
2023-02-28,23644.0,VND,M,IMF,VN,Vietnam
2023-03-31,23600.0,VND,M,IMF,VN,Vietnam
2023-04-30,23639.0,VND,M,IMF,VN,Vietnam
2023-05-31,23714.0,VND,M,IMF,VN,Vietnam
2023-06-30,23758.0,VND,M,IMF,VN,Vietnam
2023-07-31,23758.0,VND,M,IMF,VN,Vietnam
2023-08-31,23997.0,VND,M,IMF,VN,Vietnam
2023-09-30,24089.0,VND,M,IMF,VN,Vietnam
2023-10-31,24087.0,VND,M,IMF,VN,Vietnam
2023-11-30,23891.0,VND,M,IMF,VN,Vietnam
2023-12-31,23866.0,VND,M,IMF,VN,Vietnam
2024-01-31,23991.0,VND,M,IMF,VN,Vietnam
2024-02-29,24002.0,VND,M,IMF,VN,Vietnam
2024-03-31,24003.0,VND,M,IMF,VN,Vietnam
2024-04-30,24246.0,VND,M,IMF,VN,Vietnam
2024-05-31,24261.0,VND,M,IMF,VN,Vietnam
2024-06-30,24260.0,VND,M,IMF,VN,Vietnam
2024-07-31,24255.0,VND,M,IMF,VN,Vietnam
2024-08-31,24224.0,VND,M,IMF,VN,Vietnam
2024-09-30,24093.0,VND,M,IMF,VN,Vietnam
2024-10-31,24243.0,VND,M,IMF,VN,Vietnam
2024-11-30,24251.0,VND,M,IMF,VN,Vietnam
2024-12-31,24335.0,VND,M,IMF,VN,Vietnam
2025-01-31,24325.0,VND,M,IMF,VN,Vietnam
2025-02-28,24726.0,VND,M,IMF,VN,Vietnam
2025-03-31,24837.0,VND,M,IMF,VN,Vietnam
2025-04-30,24956.0,VND,M,IMF,VN,Vietnam
2025-05-31,24978.0,VND,M,IMF,VN,Vietnam
2025-06-30,25052.0,VND,M,IMF,VN,Vietnam
2025-07-31,25240.0,VND,M,IMF,VN,Vietnam
2025-08-31,25240.0,VND,M,IMF,VN,Vietnam
2025-09-30,25187.0,VND,M,IMF,VN,Vietnam
2025-10-31,25093.0,VND,M,IMF,VN,Vietnam
